menu_start_game_0|Ողջոյն քեզ, ո՛վ օտարական, բարի եկիր ի Mount&Blade Warband: Յառաջ քան զխաղն սկսանիլ, պարտ է քեզ զկերպար քո յօրինել: Ընտրութիւնք քո ի յօրինելն զկերպարդ որոշեսցեն զկարողութիւնս քո սկզբնականս, եւ ազդեսցեն ի վերայ դժուարութեանց զորս գտանիցես ի խաղի աստ:
mno_continue|Յառաջ...
mno_go_back|Յետս դարձիր
menu_start_phase_2|Բազում պատմութիւնք են զաշխարհէն որ կոչի Կալրադիա: Բաժանեալ ի պատերազմաց թագաւորութեանց, ձգէ նա զպատեհախնդիրս, զասպետս, զաշխարհատեսս եւ զյելուզակս, մատուցանելով նոցա զմեծամեծ վտանգս եւ զբազում պատեհութիւնս: Թերեւս եւ դու, թողեալ զանցեալս քո, սկսանիցիս զնոր կեանք ի գաւառի աստ: Զգաս թէ ազատ լինելոց ես յերկրի աստ, եւ զի մեծամեծ արկածք սպասեն քեզ յորում եւ իցէ ճանապարհի: Յաւուր միում, լեալ ի ներքոյ ազդեցութեան սքանչելի պատմութեանցն Կալրադիոյ...
mno_town_1|Յարեցար ի կարաւան երթալոց ի Պրաւէն քաղաք Թագաւորութեանն Սուադիոյ:
mno_town_2|Յարեցար ի կարաւան երթալոց ի Ռէյւատին քաղաք Թագաւորութեանն Վէգիրաց:
mno_town_3|Յարեցար ի կարաւան երթալոց ի Տուլգա քաղաք Խանութեանն Քերգիթաց:
mno_town_4|Ելեր ի նաւ երթալոց ի Սարգոթ քաղաք Թագաւորութեանն Նորդաց:
mno_town_5|Ելեր ի նաւ երթալոց ի Ելկալա քաղաք Թագաւորութեանն Ռոդոկաց:
mno_town_6|Յարեցար ի կարաւան երթալոց ի Շարիզ քաղաք Սուլթանութեանն Սարրանեաց:
menu_start_game_3|Ընտրեա զհանդէս
menu_tutorial|Մերձենաս ի վայր մի ուր բնակիչք տեղւոյն կրթին ի զէնս: Աստ կարես զօրացուցանել զարուեստս քո պատերազմականս:
mno_go_back_dot|Յետս դարձիր:
menu_reports|Զո՞ր տեղեկութիւն կամիս տեսանել:
mno_view_character_report|Տես զտեղեկութիւն կերպարի:
mno_view_party_size_report|Տես զտեղեկութիւն բազմութեան խմբի:
mno_view_npc_mission_report|Տես զտեղեկութիւն առաքելութեանց ընկերաց:
mno_view_weekly_budget_report|Տես զտեղեկութիւն շաբաթական ծախուց:
mno_view_morale_report|Տես զտեղեկութիւն արիութեան խմբի:
mno_lord_relations|Տես զկարգաւորութիւն աւագանւոյ ըստ մտերմութեան:
mno_courtship_relations|Քննեա զյարաբերութիւնս քո ընդ ազնուատոհմիկս:
mno_view_faction_relations_report|Տես զտեղեկութիւն յարաբերութեանց ընդ թագաւորութիւնս:
mno_resume_travelling|Շարունակեա զուղի քո:
menu_custom_battle_scene|Արագ մարտ
menu_custom_battle_end|Պատերազմն աւարտեցաւ: {s1} Խումբ քո սպան զ{reg5} զօրականս, եւ թշնամին սպան զ{reg6} զօրականս: Դու սպաներ զ{reg7} այրս:
menu_start_game_1|Ողջոյն քեզ, ո՛վ օտարական, բարի եկիր ի Mount&Blade Warband: Յառաջ քան զխաղն սկսանիլ, պարտ է քեզ զկերպար քո յօրինել: Ի սկզբանէ, պարտ է քեզ ընտրել զսեռ կերպարի քո:
mno_start_male|Այր
mno_start_female|Կին
menu_start_character_1|Յամաց բազմաց, ի հեռաւոր աշխարհի ծնեալ էիր: Հայր քո...
mno_start_noble|ազնուական ոմն աղքատացեալ էր:
mno_start_merchant|վաճառական շրջուն էր:
mno_start_guard|զօրական վարժեալ էր:
mno_start_forester|որսորդ էր:
mno_start_nomad|խաշնարած դաշտային էր:
mno_start_thief|գող էր:
menu_start_character_2|{s10}^^ Ուսար զաշխարհ զերդ զի սկսար խօսել եւ գնալ: Ի մանկութեան քում...
mno_page|սպասաւոր էիր յապարանս ազնուականի:
mno_apprentice|աշակերտ էիր արհեստաւորի:
mno_stockboy|սպասաւոր էիր կրպակի:
mno_urchin|մանուկ փողոցաց էիր:
mno_nomad|մանուկ դաշտային էիր:
menu_start_character_3|{s11}^^ Յետոյ, ի պատանեկութեան քում, որպէս զի սովոր է, կեանք քո փոփոխեցաւ: Յայնժամ դու...
mno_squire|զինակիր ասպետի էիր:
mno_lady|նաժիշտ ազնուական կնոջ էիր:
mno_troubadour|գուսան էիր:
mno_student|աշակերտ էիր:
mno_peddler|մանրավաճառ էիր:
mno_craftsman|դարբին էիր:
mno_poacher|որսորդ գողունի էիր:
menu_start_character_4|{s12}^^Այլ ապա ամենայն ինչ փոփոխեցաւ, եւ դու վճռեցեր զի երթիցես ի յարկածս առանձինն: Զոր դրդեաց զքեզ ի խորհուրդս զայս...
mno_revenge|վրէժխնդրութիւն էր:
mno_death|կորուստ սիրելւոյ ումեք էր:
mno_wanderlust|ցանկութիւն շրջելոյ յաշխարհի էր:
mno_disown|վտարումն ի տանէ էր:
mno_greed|ագահութիւն արծաթոյ եւ զօրութեան էր:
menu_choose_skill|{s13}
mno_begin_adventuring|Լեր արկածախնդիր եւ վարեա զերիվար քո ընդդէմ բախտի քոյ:
menu_past_life_explanation|{s3}
mno_view_next|{s5}
menu_morale_report|{s1}
menu_courtship_relations|{s1}
menu_lord_relations|{s1}
menu_companion_report|{s7}{s1}
menu_character_report|{s9}
menu_party_size_report|{s1}
menu_faction_relations_report|{s1}
menu_camp|Բանակ հարեր: Զի՞նչ կամիս առնել:
mno_camp_action|Ձեռնարկեա ի գործ:
mno_camp_wait_here|Մնա աստ առ ժամանակ մի:
mno_camp_cheat|ՄԵՆԻՒ ՆԵՆԳՈՒԹԵԱՆՑ!
menu_camp_cheat|Ընտրեա զնենգութիւն:
mno_camp_cheat_find_item|Փոփոխեա զեղանակ օդոյ..
menu_camp_action|Ընտրեա զգործ:
mno_camp_recruit_prisoners|Առ զարս ի գերեաց:
mno_action_read_book|Ընտրեա զմատեան մի յընթերցումն:
mno_action_rename_kingdom|Վերանուանեա զթագաւորութիւն քո:
mno_action_retire|Հանգիր յարկածախնդրութենէ:
mno_camp_action_4|Դարձ ի մենիւ բանակի:
menu_camp_recruit_prisoners|Խոստանաս ազատութիւն գերեաց քոց եթէ յօժարեսցին յարիլ ի քեզ: {s18}
mno_camp_recruit_prisoners_accept|Ընկալ:
mno_camp_recruit_prisoners_reject|Մերժեա:
menu_camp_no_prisoners|Ոչ գոյ քեզ գերի զի յարեսցի ի քեզ:
menu_camp_action_read_book|Ընտրեա զմատեան մի յընթերցումն:
mno_action_read_book_1|{s1}.
mno_action_read_book_2|{s1}.
mno_action_read_book_3|{s1}.
mno_action_read_book_4|{s1}.
mno_action_read_book_5|{s1}.
mno_action_read_book_6|{s1}.
mno_action_read_book_7|{s1}.
menu_camp_action_read_book_start|{s1}
menu_retirement_verify|Յաւուր {reg0} ես: Բախտ քո արդ է {reg1}: Հաստա՞տ ես զի կամիս հանգչիլ:
mno_retire_yes|Այո
mno_retire_no|Ոչ
menu_end_game|Վճռեցաւ, եւ դու թողեալ զարկածախնդիր կեանքդ` հաստատեցար ի բնակութիւն: Վաճառես զզէնս քո եւ զզրահս, ժողովես զարծաթ քո եւ վարես ընդ մուտս արեւու...
mno_end_game_bye|Մնաս բարեաւ
menu_cattle_herd|Գտեր զերամակ արջառոց:
mno_cattle_drive_away|Հեռացո զարջառսն:
mno_cattle_stop|Կեցո զերամակն:
mno_cattle_kill|Սպան զոմանս յանասնոց անտի:
mno_leave|Մեկնեա:
menu_cattle_herd_kill|Քանի՞ անասունս կամիս սպանանել:
mno_cattle_kill_1|Մի:
mno_cattle_kill_2|Երկուս:
mno_cattle_kill_3|Երեք:
mno_cattle_kill_4|Չորս:
mno_cattle_kill_5|Հինգ:
menu_arena_duel_fight|Դու եւ հակառակորդ քո պատրաստիք պատերազմիլ վասն պատուոյ:
menu_simple_encounter|Հանդիպեցար {s2}: {reg10} զօրականք քո պատրաստ են ընդդէմ {reg11} զօրականաց նոցա:
mno_encounter_attack|Յարձակեա ի վերայ թշնամւոյն:
mno_encounter_order_attack|Մինչդեռ դու կաս ի յետս, հրամայեա զօրականաց քոց յարձակիլ ի վերայ թշնամւոյն:
mno_encounter_leave|Մեկնեա:
mno_encounter_retreat|Նահանջեա եւ թող զոմանս ի զօրաց պահպանել զփախուստ քո:
mno_encounter_surrender|Անձնատուր լեր:
menu_encounter_retreat_confirm|Որպէս զի ունիս զմեծագոյն հմտութիւն ռազմավարութեան ({reg2}), յօրինի ծրագիր ոմն ի {reg3?քէն:{s3}} որ տայ քեզ եւ արանց քոց զփախուստ, այլ զի դադարեսցի հալածումն թշնամւոյն, պարտ է քեզ թողուլ զ{reg4} զօրականս ի յետս:
mno_leave_behind|Յառաջ... զոհաբերութիւն արանց այսոցիկ փրկեսցէ զմնացեալսն:
mno_dont_leave_behind|Ոչ, ոք ոչ մնասցէ ի յետս:
menu_encounter_retreat|Հրամայես {reg4} զօրականաց քոց կալ զթշնամին մինչդեռ դու եւ մնացեալքդ նահանջէք:
menu_order_attack_begin|Զօրականք քո պատրաստ են յարձակիլ ի վերայ թշնամւոյն...
mno_order_attack_begin|Տուր զհրաման յարձակման:
mno_call_back|Կոչեա ի յետս:
menu_order_attack_2| {s4}^^Կորուստք քո: {s8}^^Կորուստք թշնամւոյն: {s9}:
mno_order_attack_continue|Հրամայեա զօրականաց քոց շարունակել զյարձակումն:
mno_order_retreat|Կոչեա զզօրականս քո ի յետս:
menu_battle_debrief|{s11} Կորուստք:^^Կորուստք քո:{s8}{s10}^^Կորուստք թշնամւոյն:{s9}
menu_total_victory|Ոչ էր պարտ քեզ զայս ընթերցնուլ... {s9}
menu_enemy_slipped_away|{s17}
menu_permanent_damage|{s0}
mno_s0|{s0}
menu_pre_join|Հանդիպեցար պատերազմի ի միջի {s2} եւ {s1}: Զի՞նչ վճռես...
mno_pre_join_help_attackers|Օգնեա {s2}:
mno_pre_join_help_defenders|Հաս յօգնութիւն {s1}:
mno_pre_join_leave|Մի՛ խառնեսցիս:
menu_join_battle|Յարեցար ի {s2} ընդդէմ {s1}: Ունիս {reg10} զօրականս ընդդէմ {reg11} զօրականաց թշնամւոյն:
mno_join_attack|Յարձակեա ի վերայ թշնամւոյն:
mno_join_order_attack|Կաց ի յետս եւ հրամայեա զօրականաց քոց յարիլ ի դաշնակիցս քո:
mno_join_leave|Մեկնեա:
menu_join_order_attack|{s4} Կորուստք քո: {s8}: Կորուստք դաշնակցաց քոց: {s9}: Կորուստք թշնամւոյն: {s10}:
menu_zendar|Մտանես ի քաղաքն Զէնդար:
mno_zendar_enter| 
mno_zendar_enter_door|Դուռն միջնաբերդի քաղաքին:
mno_zendar_tavern| 
mno_zendar_tavern_door|Դուռն պանդոկին:
mno_zendar_merchant| 
mno_zendar_merchant_door|Դուռն վաճառականին:
mno_zendar_arena| 
mno_zendar_arena_door|Դուռն ասպարիսին:
mno_town_1_leave| 
menu_salt_mine|Մտանես ի հանքս աղի:
mno_enter|Մուտ:
menu_four_ways_inn|Մտանես ի պանդոկն Չորից Ճանապարհաց:
menu_test_scene|Մտանես ի վայր փորձութեան:
menu_dhorak_keep|Մտանես ի բերդն Դհորակ:
menu_join_siege_outside|{s1} պաշարեալ է ի {s2}:
mno_approach_besiegers|Մերձեցիր ի բանակ պաշարողացն:
mno_pass_through_siege|Անց ընդ պաշարումն եւ մուտ ի {s1}:
menu_cut_siege_without_fight|Պաշարողքն տան քեզ մտանել ի դուռն բերդին առանց դժուարութեան:
menu_besiegers_camp_with_allies|{s1} տակաւին պաշարեալ կայ: Ի բանակի պաշարողացն ուր հրաւիրեցար` ծածանին դրօշք {s2}:
mno_talk_to_siege_commander|Խնդրեա զտեսութիւն ընդ հրամանատարի պաշարմանն:
mno_join_siege_with_allies|Յարեա ի յաջորդ յարձակումն:
mno_join_siege_stay_back|Հրամայեա զօրականաց քոց յարձակիլ առանց քո:
menu_castle_outside|Արտաքոյ {s2} ես: {s11} {s3} {s4} 
mno_approach_gates|Մերձեցիր ի դուռն եւ ձայնեա պահապանացն:
mno_town_sneak|Փորձեա մտանել ի քաղաքն ծպտեալ:
mno_castle_start_siege|Պաշարեա զ{reg6?քաղաքն:բերդն}...
mno_castle_leave|Մեկնեա...
menu_castle_guard|Մերձեցար ի դուռն: Պահապանքն հային ի քեզ զգուշութեամբ:
mno_request_shelter|Խնդրեա զմուտ ի բերդն:
mno_request_meeting_commander|Խնդրեա տեսանել զոմն:
mno_guard_leave|Մեկնեա:
menu_castle_entry_granted|Յետ սակաւ սպասելոյ պահապանքն բանան զդրունսն եւ տան քեզ եւ ուղեկցաց քոց մտանել:
menu_castle_entry_denied|Տէր բերդիս արգել քեզ զմուտս ի ներքս, եւ պահապանն ազդ առնէ քեզ զի եթէ փորիցես մտանել` հարցեն ի քեզ:
menu_castle_meeting|Զո՞ կամիս տեսանել:
mno_guard_meet_s5|{s5}:
mno_forget_it|Թող զայդ:
menu_castle_meeting_selected|Տեսութիւն քո ազդ առնի ի ներքս, եւ {s6} ի վերջոյ ելանէ տեսանել զքեզ:
menu_castle_besiege|Պաշարես զ{s1}: {s2} {s3}
mno_siege_request_meeting|Խնդրեա զտեսութիւն ընդ հրամանատարի բերդին:
mno_wait_24_hours|Մնա մինչեւ ի վաղիւ:
mno_castle_lead_attack|Առաջնորդեա յարձակմանն անձամբ քով:
mno_attack_stay_back|Հրամայեա զօրականաց քոց յարձակիլ մինչդեռ դու կաս ի յետս...
mno_build_ladders|Պատրաստեա զյարձակումն ի վերայ պարսպացն:
mno_build_siege_tower|Կառուցո զաշտարակ պաշարման:
mno_lift_siege|Բարձ զպաշարումն:
menu_siege_attack_meets_sally|Զօրք պաշտպանացն ելանեն արտաքս ի բերդէն ընդդէմ յարձակման քոյ:
menu_castle_besiege_inner_battle|{s1}
menu_construct_ladders|Որպէս զի ունիս զմեծագոյն հմտութիւն ճարտարապետութեան ({reg2}), համարիս {reg3?դու:{s3}} եթէ պահանջեսցին {reg4} ժամք ի կառուցանել զսանդուղս վասն յարձակմանն:
mno_build_ladders_cont|Շարունակեա:
menu_construct_siege_tower|Որպէս զի ունիս զմեծագոյն հմտութիւն ճարտարապետութեան ({reg2}), համարիս {reg3?դու:{s3}} եթէ պահանջեսցին {reg4} ժամք ի կառուցանել զաշտարակ պաշարման:
mno_build_siege_tower_cont|Սկսիր կառուցանել:
menu_castle_attack_walls_simulate|{s4}^^Կորուստք քո:{s8}^^Կորուստք թշնամւոյն: {s9}
menu_castle_attack_walls_with_allies_simulate|{s4}^^Կորուստք քո: {s8}^^Կորուստք դաշնակցաց: {s9}^^Կորուստք թշնամւոյն: {s10}
menu_castle_taken_by_friends|Չիք տեսանել զինչ:
menu_castle_taken|{s3} անձնատուր եղեւ զօրաց քոց, եւ արդ տիրես զ{reg2?քաղաքն:բերդն}: Ոչ ինչ արգելու զքեզ ի տիրելոյ անձամբ քով:
menu_castle_taken_2|{s3} անձնատուր եղեւ զօրաց քոց: Արդ տիրես բերդին բովանդակ: Ժամ է ազդ առնել {s9}ի զյաղթութենէ քումէ: {s5}
mno_castle_taken_claim|Խնդրեա զի {s3} տացի քեզ:
mno_castle_taken_claim_2|Խնդրեա զի {s3} տացի կնոջ քում:
mno_castle_taken_no_claim|Մի՛ խնդրեսցես զինչ:
menu_requested_castle_granted_to_player|Ազդ եկն ի տեառնէ քումմէ {s3}:^^ {s2}{reg3? եւ զգեւղն {s4} մերձակայ :} բովանդակ պատուով եւ կալուածովք տալ քեզ վճռեաց:
menu_requested_castle_granted_to_player_husband|Ազդ եկն ի տեառնէ քումմէ {s3}:^^ {s2}{reg3? եւ զգեւղն {s4} մերձակայ :} առն քում, {s7}ի, տալ վճռեաց:
menu_requested_castle_granted_to_another|Ազդ ընկալար ի տեառնէ քումմէ {s3}:^^ «Լուայ զի քաջութեամբ առեր զ{s2}: Յաղթութիւն քո ուրախ արար զմեզ յոյժ: Խնդրեցեր զի բերդն այդ տացի քեզ: Այլ զի արդէն իսկ բազում կալուածք են քո յաշխարհի իմում, ոչ կարացի ընկալնուլ զխնդիր քո: Վասն որոյ առաքեմ քեզ {reg6} դահեկանս վասն ծախուց քոց, այլ զ{s2} ետու {s5}»:
mno_accept_decision|Ընկալ զվճիռ տեառն քոյ:
mno_leave_faction|Անիրաւեցար! Լուծո զուխտ հպատակութեան քո!
menu_requested_castle_granted_to_another_female|Ազդ ընկալար ի տեառնէ քումմէ {s3}:^^ «Լուայ զի քաջութեամբ առեր զ{s2}: Յաղթութիւն քո ուրախ արար զմեզ յոյժ: Խնդրեցեր զի բերդն այդ տացի առն քում: Այլ զի արդէն իսկ բազում կալուածք են նորա յաշխարհի իմում, ոչ կարացի ընկալնուլ զխնդիր քո: Վասն որոյ առաքեմ քեզ {reg6} դահեկանս վասն ծախուց քոց, այլ զ{s2} ետու {s5}»:
menu_leave_faction|Լուծանել զուխտ հպատակութեան է գործ ծանր: Տէր քո կարէ նախատել զքեզ եւ առնուլ զերկիրս եւ զբերդս քո: Այլ եթէ տացես զերկիրս եւ զբերդս քո կամաւ, թերեւս ոչ պահեսցէ թշնամութիւն ընդ քեզ:
mno_leave_faction_give_back|Հրաժարեա յուխտէդ եւ թող զերկիրս քո:
mno_leave_faction_hold|Հրաժարեա յուխտէդ եւ պահեա զերկիրս քո, յորս եւ զ{s2}:
mno_leave_faction_cancel|Փոփոխեցի զխորհուրդ իմ: Մնացից հպատակ տեառն իմում:
menu_give_center_to_player|Տէր քո {s1} մատուցանէ քեզ նոր կալուած! {s2} մատուցանի քեզ: Զի՞նչ է պատասխանի քո:
mno_give_center_to_player_accept|Ընկալ: 
mno_give_center_to_player_reject|Մերժեա: {s2} ոչ է վայր զոր կամիս:
menu_give_center_to_player_2|Յետ սակաւ արարողութեան {s2}{reg3? Եւ գեւղն {s4} որ յարի ի նա :} յարեցաւ ի քեզ: {reg3?Վայրքս այսոքիկ:Վայրս այ} յաւելուած մեծ է ի կալուածս քո: Կարես առնուլ զհարկս եւ զվարձս վայրիս, եւ ժողովել զօրս ի ժողովրդենէ անտի: Նաեւ ակնկալի ի քէն զի պահեսցես զկալուածս քո ի թշնամեաց եւ ի յափշտակողաց, եւ հաստատեսցես զարդարութիւն եւ զկարգ ի գաւառի քում:
menu_oath_fulfilled|Ունէիր զդաշինք ծառայութեան ընդ {s1} առ ժամանակ մի: Ժամանակ դաշնադրութեանն լցաւ: Զի՞նչ առնես:
mno_renew_oath|Նորոգեա զդաշինք քո ընդ {s1} առ ամիս մի եւս:
mno_dont_renew_oath|Լեր ազատ ի կապանացդ:
menu_siege_started_defender|{s1} սկսաւ յարձակումն ի վերայ {s2}: Ունիս {reg10} զօրականս որք կարեն պատերազմիլ ընդդէմ {reg11} զօրականաց թշնամւոյն: Զի՞նչ վճռես...
mno_siege_defender_join_battle|Յարեա ի պատերազմն:
mno_siege_defender_troops_join_battle|Հրամայեա արանց քոց յարիլ ի պատերազմն մինչդեռ դու կաս ի յետս:
menu_siege_join_defense|{s4}^^Կորուստք քո: {s8}^^Կորուստք դաշնակցաց: {s9}^^Կորուստք թշնամւոյն: {s10}
menu_enter_your_own_castle|Մինչդեռ մերձենաս, պահապանք բերդին տեսանեն զքեզ եւ բանան զդրունսն տեառն իւրեանց:
menu_village|{s10}{s11}{s6}{s7}
mno_village_manage|Տնտեսեա զգեւղս զայս:
mno_recruit_volunteers|Ժողովեա զկամաւորս:
mno_village_center|Մուտ ի միջնավայր գեղջն:
mno_village_center_door|Դուռն միջնավայրի գեղջն:
mno_village_buy_food|Գնեա պաշար ի գեղջկաց անտի:
mno_village_attack_bandits|Յարձակեա ի վերայ յելուզակացն:
mno_village_wait|Մնա աստ առ ժամանակ մի:
mno_collect_taxes_qst|{reg5?Շարունակեա ժողովել զհարկս:Ժողովեա զհարկս} վասն {s1}:
mno_train_peasants_against_bandits_qst|Կրթեա զգեղջուկսն:
mno_village_hostile_action|Արասցես զգործ թշնամական:
mno_village_leave|Մեկնեա...
menu_village_hostile_action|Զի՞նչ կամիս առնել:
mno_village_take_food|Բռնադատեա զգեղջուկսն տալ քեզ պաշար:
mno_village_steal_cattle|Գողացիր զարջառս:
mno_village_loot|Աւարեա զգեւղն եւ այրեա զտունսն հրով:
menu_recruit_volunteers|{s18}
mno_continue_not_enough_gold|Ոչ գոյ իմ արծաթ բաւական...
mno_recruit_them|Առ զնոսա (վասն {reg6} դահեկանաց):
menu_village_hunt_down_fugitive_defeated|Հարուած ոմն սաստիկ ի փախստականէն անտի անկանէ զքեզ յերկիր եւ մթագնի տեսողութիւն քո: Ժամանակ անցանէ: Յորժամ բանաս զաչս քո վերստին, գտանես զքեզ թաթաւեալ ի յարիւն եւ սասանեալ, այլ բախտաւոր ես զի ոչ մի ի վիրաց քոց երեւի մահաբեր:
menu_village_infest_bandits_result|{s9}
menu_village_infestation_removed|Ի պատերազմի արժանի երգոց` դու եւ արք քո կարացայք վտարել զյելուզակսն ի գեղջէ աստ եւ հաստատել զապահովութիւն: Թէպէտ վերջին դէպքն հարին զնոսա ծանրապէս, գեղջուկքն մատուցանեն քեզ եւ խմբի քում զամենայն ինչ զոր գտանեն:
mno_village_bandits_defeated_accept|Առ զմատուցեալսն իբրեւ վարձ արժանի:
mno_village_bandits_defeated_cont|Մերժեա զնոսա, ասելով զի նոքա առաւել կարօտ են այնմ:
menu_center_manage|{s19}^{reg6?^^Արդ կառուցանես զ{s7}: Շինութիւնն աւարտեսցի յետ {reg8} աւուրց::}
mno_center_build_manor|Կառուցո զապարանս:
mno_center_build_fish_pond|Կառուցո զջրաղաց:
mno_center_build_watch_tower|Կառուցո զաշտարակ դիտանոցի:
mno_center_build_school|Կառուցո զդպրոց:
mno_center_build_messenger_post|Կառուցո զկայան սուրհանդակաց:
mno_center_build_prisoner_tower|Կառուցո զաշտարակ գերեաց:
menu_center_improve|{s19} Որպէս զի ունիս զմեծագոյն հմտութիւն ճարտարապետութեան ({reg2}), համարիս {reg3?դու:{s3}} եթէ կառուցումն {s4} շինուածոյն նստցի քեզ {reg5} դահեկանս եւ {reg6} աւուրս:
mno_improve_cont|Շարունակեա:
mno_improve_not_enough_gold|Ոչ գոյ իմ արծաթ բաւական վասն այսր:
menu_town_bandits_failed|{s4} {s5}
menu_town_bandits_succeeded|Յելուզակքն անկանին զերդ զխոտ ի հնձել! Յետ սակաւ ժամանակի մնաս միայնակ ի փողոցի անդ, մինչդեռ յարձակողքն կան անզգայ, մեռեալ կամ հոգեվարք: Յորժամ քննես զմարմինս նոցա, գտանես քսակ մի որ թերեւս պատկանէր նախկին զոհի նոցա: Կամ թերեւս տուեալ էր նոցա ումեքէ զի պատրաստեսցեն քեզ վախճան արժանի կենաց քոց:
menu_village_steal_cattle_confirm|Որպէս զի ունիս զմեծագոյն հմտութիւն աւարառութեան ({reg2}), համարիս {reg3?դու:{s1}} եթէ կարես գողանալ մինչեւ ց{reg4} արջառս ի գեղջէ աստ:
mno_village_steal_cattle_confirm|Յառաջ...
menu_village_steal_cattle|{s1}
menu_village_take_food_confirm|Բռնադատել զգեղջուկսն տալ քեզ զպաշարս նոցա պատուականս` լինելոց է դժուարին: Համարիս եթէ պահանջեսցի ժամ մի առ նուազն:
mno_village_take_food_confirm|Շարունակեա:
menu_village_take_food|Գեղջուկքն բերեն սակաւ ինչ պաշար ակամայ...
mno_take_supplies|Առ զպաշարն:
mno_let_them_keep_it|Թող նոցա պահել զպաշարն:
menu_village_start_attack|Ոմանք ի գեղջկաց անտի, առեալ զգործիս երկրագործութեան, պատրաստին դիմադրել քեզ:
mno_village_raid_attack|Յարձակեա ի վերայ նոցա:
mno_village_raid_leave|Թող զգեւղս զայս ի խաղաղութեան...
menu_village_loot_no_resist|Գեղջուկքն ցրուին փութապէս առջեւի զօրաց քոց: Գիւղն մնայ ի ձեռս քո:
menu_village_loot_complete|Ըստ հրամանի քում` արք քո աւարեցին զգեւղն, առին զամենայն ինչ պատուական եւ այրեցին զշինուածսն: Առնուս զբաժին քո յաւարէն եւ յարծաթոյ` {reg1} դահեկանս:
menu_village_loot_defeat|Քաջութեամբ եւ հաստատութեամբ պատերազմեալ` գեղջուկքն վտարեցին զզօրս քո:
menu_village_loot_continue|Կամի՞ս շարունակել զաւարումն գեղջն:
mno_disembark_yes|Այո:
mno_disembark_no|Ոչ:
menu_close|Ոչինչ:
menu_town|{s10}{s11}{s12}{s13}
mno_castle_castle|Երթ ի դահլիճ ընդունելութեան տեառն:
mno_castle_castle_door|Դուռն բերդին:
mno_join_tournament|Յարեա ի մրցութիւն:
mno_town_castle|Երթ ի բերդն:
mno_town_castle_door|Դուռն բերդին:
mno_town_center|Երթ ի հրապարակ քաղաքին:
mno_town_center_door|Դուռն քաղաքի հրապարակին:
mno_town_tavern|Երթ ի պանդոկն:
mno_town_tavern_door|Դուռն պանդոկին:
mno_town_merchant|Խօսեա ընդ վաճառականին:
mno_town_merchant_door|Դուռն կրպակին:
mno_town_arena|Մուտ յասպարէզն:
mno_town_arena_door|Դուռն ասպարիսին:
mno_town_dungeon|Մուտ ի բանտն:
mno_town_dungeon_door|Դուռն բանտին:
mno_castle_inspect|Շրջեա ի բերդին:
mno_castle_inspect_door|Ել յաւագ սրահ բերդին:
mno_town_enterprise|Այցելեա ի {s3}:
mno_town_enterprise_door|Դուռն արհեստանոցին:
mno_visit_lady|Փորձեա տեսանել զնաժիշտ ոմն:
mno_visit_lady_door|Դուռն այգւոյն:
mno_trade_with_merchants|Մուտ ի շուկայն:
mno_walled_center_manage|Կարգաւորեա զ{reg0?քաղաքս:բերդս} զայս:
mno_walled_center_move_court|Փոխադրեա զարքունիս քո աստ:
mno_castle_station_troops|Հաստատեա զոմանս ի զօրաց քոց աստ:
mno_castle_wait|Մնա աստ առ սակաւ մի {s1}:
mno_town_leave|Մեկնեա ի քաղաքէն:
mno_town_leave_door|Թող զգաւառս:
menu_cannot_enter_court|Ի դահլիճի տեառնն արդ խրախճանութիւն է, այլ դու ոչ ունիս զաստիճան պատշաճ զի կոչեսցիս ի ներքս: Թերեւս յաւելուլ զհռչակ քո տացէ քեզ զառիթ մտանելոյ, կամ փորձեա ցուցանել զքաջութիւն քո ի մրցութեան ի ժամանակի խրախճանութեանն:
menu_lady_visit|Զո՞ կամիս տեսանել:
mno_visit_lady_1|Այցելեա ի {s12}:
mno_visit_lady_2|Այցելեա ի {s12}:
mno_visit_lady_3|Այցելեա ի {s12}:
mno_visit_lady_3_door|Դուռն այգւոյն:
mno_visit_lady_4|Այցելեա ի {s12}:
mno_visit_lady_5|Այցելեա ի {s12}:
mno_visit_lady_6|Այցելեա ի {s12}:
mno_visit_lady_7|Այցելեա ի {s12}:
mno_visit_lady_8|Այցելեա ի {s12}:
menu_town_tournament_lost|Անկար ի մրցութենէն:
menu_town_tournament_won|Յաղթեցեր ի մրցութիւն {s3}ի! Բազմութիւնն աղաղակէ զանուն քո, եւ դու լնուս հպարտութեամբ: Ի յաւելումն պատուոյ եւ հռչակի` ընկալար {reg9} դահեկանս իբրեւ վարձ: {s8}
menu_town_tournament_won_by_another|{s1} մնաց իբրեւ միակ անպարտելի մարտիկ աւուրն, եւ շահեցաւ զմրցութիւնն եւ զհռչակ նորա:
menu_town_tournament|{s1}Յաւուր {reg0} ես մրցութեան, եւ մնացին {reg1} մասնակիցք: Ի յաջորդումն պատերազմեսցին {reg2} խումբք ի {reg3} մարտիկաց:
mno_tournament_view_participants|Տես զմասնակիցսն:
mno_tournament_bet|Գրաւ դիր ի վերայ անձին քոյ:
mno_tournament_join_next_fight|Պատերազմեա ի յաջորդ մրցութեան:
mno_leave_tournament|Հրաժարեա ի մրցութենէն:
menu_tournament_withdraw_verify|Հաստա՞տ ես զի կամիս հրաժարիլ ի մրցութենէն:
mno_tournament_withdraw_yes|Այո, զուր է ջանքն այս:
mno_tournament_withdraw_no|Ոչ, քանի դեռ գոյ առիթ պատուոյ եւ հռչակի!
menu_tournament_bet|Գրաւք ի վերայ քո են {reg5} ընդդէմ {reg6}: {reg1? Արդէն իսկ եդեր {reg1} դահեկանս ի վերայ քո, եւ եթէ յաղթեսցես` շահեսցիս {reg2} դահեկանս::} Որքա՞ն կամիս դնել զգրաւ:
mno_bet_100_denars|100 դահեկանս
mno_bet_50_denars|50 դահեկանս
mno_bet_20_denars|20 դահեկանս
mno_bet_10_denars|10 դահեկանս
mno_bet_5_denars|5 դահեկանս
menu_tournament_bet_confirm|Եթէ դնես զգրաւ {reg1} դահեկանս, շահեսցիս {reg2} դահեկանս յորժամ յաղթեսցես ի մրցութեան: Պատշա՞ճ է քեզ այս:
mno_tournament_bet_accept|Շարունակեա:
mno_tournament_bet_cancel|Թող զայդ:
menu_tournament_participants|Հարցանես զսուրհանդակսն վասն անուանց մասնակցաց մրցութեան: Անուանք նոցա:^{s11}
menu_collect_taxes|Որպէս զի ունիս զմեծագոյն հմտութիւն վաճառառութեան ({reg2}), համարիս {reg3?դու:{s1} ասէ} եթէ ժողովումն հարկաց աստ պահանջեսցէ {reg4} աւուրս:
mno_start_collecting|Սկսիր ժողովել:
mno_collect_later|Յետաձգեա...
menu_collect_taxes_complete|Ժողովեցեր {reg3} դահեկանս իբրեւ հարկ ի {s3}է: {s19} ակնկալէ զի բերցես նմա զարծաթն:
menu_collect_taxes_rebels_killed|Փութաջան դիմադրութիւն քո եւ զօրութիւն բազկի քոյ լռեցոյց զապստամբութիւնն: Այսուհետեւ ոք որ կամիցի ապստամբել` անշուշտ վարանեսցի:
menu_collect_taxes_failed|Մինչեւ ցապստամբութիւնն կարացայք ժողովել միայն {reg3} դահեկանս ի {s3}է: {s1} ոչ լինիցի ուրախ, այլ սակաւ ինչ արծաթ թերեւս հանդարտեցուսցէ զնա:
menu_collect_taxes_revolt_warning|Ժողովուրդ {s3}ի ըմբոստանայ ընդդէմ խնդրուածոց քոց, աղաղակելով թէ այս ոչ է հարկ` այլ յափշտակութիւն: Խռովութիւն նոցա յաւելու, եւ եթէ շարունակեսցես` թերեւս ապստամբեսցին:
mno_continue_collecting_taxes|Անտես արա եւ շարունակեա:
mno_halve_taxes|Հաճեաց կիսել զժողովելի արծաթն: ({s1} թերեւս բարկասցի:)
menu_collect_taxes_revolt|Ժողովումն հարկաց ի {s3} ընդհատեցաւ: Բազմութիւն մեծ {reg9?գեղջկաց:քաղաքացւոց} մերձենայ աղաղակելով վասն ծանր հարկաց, շարժելով զզէնս եւ զջահս: Երեւի թէ կամին պատերազմիլ!
menu_train_peasants_against_bandits|Որպէս զի ունիս զմեծագոյն հմտութիւն վարժողի ({reg2}), համարիս {reg3?դու:{s1} ասէ} եթէ պահանջեսցին {reg4} ժամք զի ոմանք ի գեղջկաց անտի պատրաստ լիցին գործոյ:
mno_make_preparation|Սկսիր զկրթութիւնն:
mno_train_later|Յետաձգեա...
menu_train_peasants_against_bandits_ready|Կրթես զգեղջուկսն ի զինուորութիւն, ի կարգ եւ ի հպատակութիւն: Համարիս եթէ {reg0} ի նոցանէ ուսան զարհեստն եւ պատրաստ են փորձառութեան:
mno_peasant_start_practice|Սկսիր զմարզանքն:
menu_train_peasants_against_bandits_training_result|{s0}
menu_train_peasants_against_bandits_attack|Մինչ պատրաստես զկրթութիւնն, դիտող ոմն ի գեղջէն գայ վազելով եւ ազդ առնէ վտանգի: Յելուզակքն մերձենան ի {s3}: Տանուտէր գեղջն աղաչէ զքեզ զի կարգեսցես զնորավարժ զօրսն եւ ընդդէմ լինիցիս նոցա:
mno_peasants_against_bandits_attack_resist|Պատրաստեա ի պատերազմ!
menu_train_peasants_against_bandits_attack_result|{s9}
menu_train_peasants_against_bandits_success|Յելուզակքն ցրուեցան! Ոմանք ի փախստականացն փախչին ահաբեկեալք ի գեղջկաց եւ ի նոր պաշտպանէ նոցա: Գեղջուկքն ունին սակաւ ինչ արծաթ յետ այսր դժուարութեան, այլ մատուցանեն քեզ զամենայն ինչ զոր գտանեն ի նշան երախտագիտութեան:
menu_disembark|Կամի՞ս ելանել ի նաւէն:
menu_ship_reembark|Կամի՞ս մտանել ի նաւն:
mno_reembark_yes|Այո:
mno_reembark_no|Ոչ:
menu_center_reports|Անուն քաղաքին: {s1}^Վարձք: {reg1} դահեկանս^Հարկք: {reg2} դահեկանս^Պաշար կերակրոյ: {reg3} աւուրց
mno_to_price_and_productions|Տես զգինս եւ զարդիւնս:
menu_price_and_production|Արդիւնք:^{s1}^^Գինք:^{s2}
menu_town_trade|Երթաս ի շուկայն:
mno_assess_prices|Գնահատեա զվաճառսն:
mno_trade_with_arms_merchant|Վաճառեա ընդ զինագործին:
mno_trade_with_armor_merchant|Վաճառեա ընդ զրահագործին:
mno_trade_with_horse_merchant|Վաճառեա ընդ ձիավաճառին:
mno_trade_with_goods_merchant|Վաճառեա ընդ պաշարավաճառին:
mno_back_to_town_menu|Յետս դարձիր:
menu_town_trade_assessment_begin|Լսես զզրոյցս ոմանց վասն գնոց վաճառաց ի գաւառի աստ: Ունկն դնես զգուշութեամբ զի գտցես զլաւագոյն վաճառսն:
menu_town_trade_assessment|Որպէս զի ունիս զմեծագոյն հմտութիւն վաճառառութեան ({reg2}), համարիս {reg3?դու:{s1} ասէ} զգինսն: {s2}
menu_sneak_into_town_suceeded|Կերպարանեալ իբրեւ զաղքատ ճանապարհորդ, կարացայք խաբել զպահապանսն եւ մտանել ի քաղաքն:
menu_sneak_into_town_caught|Յորժամ փորձէիր մտանել ծպտեալ, պահապան ոմն ծանեա զքեզ եւ ազդ արար այլոց! Պարտ է քեզ գտանել զելս ի դրունսն յառաջ քան զյարձակիլ ամենայն պահապանաց քաղաքին ի վերայ քո:
mno_sneak_caught_fight|Ճեղքեա զզօրս պահապանացն եւ փախիր!
mno_sneak_caught_surrender|Անձնատուր լեր:
menu_sneak_into_town_caught_dispersed_guards|Հալածես զպահապանսն եւ փախչիս, կորուսանելով զհետս քո ի նրբանցս քաղաքին:
menu_sneak_into_town_caught_ran_away|Ի վերջոյ թողեր զքաղաքն ի յետս եւ փախեար ի լերինս ուր ապահով ես:
menu_enemy_offer_ransom_for_prisoner|{s2} մատուցանէ քեզ {reg12} դահեկանս արծաթոյ եթէ կամիս վաճառել նմա զգերի քո զանուանեալն {s1}:
mno_ransom_accept|Ընկալ զառաջարկն:
mno_ransom_reject|Մերժեա զառաջարկն:
menu_training_ground|Մտանես ի վայրն մարզանքաց ուր կարես կատարելագործել զարհեստ քո: Զի՞նչ կամիս առնել:
mno_camp_trainer|Խօսեա ընդ վարժապետին:
mno_camp_train_melee|Մարզանք մերձամարտի:
mno_camp_train_archery|Մարզանք հեռահար զինուց:
mno_camp_train_mounted|Մարզանք հեծելազօրի:
menu_training_ground_selection_details_melee_1|Ընդդէմ քանի՞ հակառակորդաց կամիս մարտիր:
mno_camp_train_melee_num_men_1|Մի:
mno_camp_train_melee_num_men_2|Երկուս:
mno_camp_train_melee_num_men_3|Երեք:
mno_camp_train_melee_num_men_4|Չորս:
menu_training_ground_selection_details_melee_2|Ընտրեա զհակառակորդ քո {reg1}:
mno_training_ground_selection_details_melee_random|Ընտրեա պատահմամբ:
menu_training_ground_selection_details_mounted|Որպիսի՞ զէն կամիս վարել:
mno_camp_train_mounted_details_1|Զէն միաձեռնի:
mno_camp_train_mounted_details_2|Զէն նիզակաւոր:
mno_camp_train_mounted_details_3|Աղեղն:
mno_camp_train_mounted_details_4|Զէն նետողական:
menu_training_ground_selection_details_ranged_1|Որպիսի՞ զէն նետողական կամիս վարել:
mno_camp_train_ranged_weapon_bow|Նետ եւ աղեղն:
mno_camp_train_ranged_weapon_crossbow|Աղեղնասարք:
mno_camp_train_ranged_weapon_thrown|Դաշոյն նետողական:
menu_training_ground_selection_details_ranged_2|Յորքա՞ն հեռաւորութենէ կամիս մարզիլ:
mno_camp_train_ranged_details_1|10 կանգուն (yards):
mno_camp_train_ranged_details_2|20 կանգուն:
mno_camp_train_ranged_details_3|30 կանգուն:
mno_camp_train_ranged_details_4|40 կանգուն:
mno_camp_train_ranged_details_5|50 կանգուն:
mno_camp_train_ranged_details_6|60 կանգուն:
mno_camp_train_ranged_details_7|70 կանգուն:
menu_training_ground_description|{s0}
menu_training_ground_training_result|{s7}{s2}
menu_marshall_selection_candidate_ask|{s15} շուտով ընտրեսցէ նոր սպարապետ վասն {s23}: Ոմանք ի տեարանց առաջարկեցին զքեզ իբրեւ զթեկնածու պատշաճ:
mno_marshall_candidate_accept|Ազդ արա {s15}ի զի պատրաստ ես ծառայել իբրեւ սպարապետ:
mno_marshall_candidate_reject|Ասա նմա զի զբաղեալ ես յոյժ յայսմ ժամանակի:
menu_captivity_avoid_wilderness|Յանկարծ աշխարհ մթագնի շուրջ զքեւ: Յետ ժամուց զգաստանաս եւ գտանես զքեզ յնդ վայրի ուր անկարդ: Թշնամիք քո համարեալ թէ մեռեալ ես` թողին զքեզ անդ: Սակայն ոչ մի ի վիրաց քոց է մահաբեր, եւ թէպէտ զգաս զքեզ չարաչար` տակաւին կարես գնալ: Յարեա եւ սկսիր խնդրել զմնացեալսն ի խմբէ քումմէ:
menu_captivity_start_wilderness|Յամեսցի
menu_captivity_start_wilderness_surrender|Յամեսցի
menu_captivity_start_wilderness_defeat|Գերի վարեցար ի թշնամեաց քոց:
menu_captivity_start_castle_surrender|Յամեսցի
menu_captivity_start_castle_defeat|Յամեսցի
menu_captivity_start_under_siege_defeat|Թշնամիք քո գերի վարեցին զքեզ:
menu_captivity_wilderness_taken_prisoner|Գերի վարեցար ի թշնամեաց քոց:
menu_captivity_wilderness_check|Յամեսցի
menu_captivity_end_wilderness_escape|Յետ դառնաշունչ աւուրց գերութեան` գտեր զպահ մի պատահական եւ յաջողեցար փախչիլ ի պահապանաց անտի:
menu_captivity_castle_taken_prisoner|Պահապանքն շուրջ պատեցին զքեւ: Առեալ զզէնս քո` թշնամանօք եւ հայհոյութեամբ արկին զքեզ ի բանտ: Անդ անցուսցես զդառն աւուրս գերութեան քոյ:
menu_captivity_rescue_lord_taken_prisoner|Ծպտեալ շրջիս յառաջ քան զյայտնել զանձն քո: Պահապանքն զայրացեալք ծեծեն զքեզ չարաչար յառաջ քան զարկանելն ի բանտ...
menu_captivity_castle_check|Յամեսցի
menu_captivity_end_exchanged_with_prisoner|Յետ բազում աւուրց գերութեան` ի վերջոյ արձակեցին զքեզ փոխանակեալ ընդ արն միոյ ի յիւրեանց կողմանէ:
menu_captivity_end_propose_ransom|Յետ ժամանակի միոյ` գերողք քո մատուցանեն զառաջարկ մի: Ասեն թէ վասն {reg5} դահեկանաց յարծաթոյ քումմէ արձակեսցեն զքեզ: Զի՞նչ վճռես...
mno_captivity_end_ransom_accept|Ընկալ զառաջարկ նոցա:
mno_captivity_end_ransom_deny|Մնա եւ սպասեա այլում առիթի:
menu_captivity_castle_remain|Ի խաւարի բանտին կրես զդժուարութիւնս գերութեան եւ զնախատինս պահապանացն, մինչ անցանեն աւուրք:
menu_kingdom_army_quest_report_to_army|{s8} յղէ զպատգամ զի կամի զքեզ տեսանել ի նոր պատերազմի: Պարտ է քեզ բերել առ նուազն {reg13} զօրականս, եւ եթէ ոչ ունիս բաւական` հրամայեսցի քեզ պատրաստել զնոսա փութապէս:
menu_kingdom_army_quest_messenger|{s8} կամի խօսիլ ընդ քեզ վասն գործոյ միոյ: Խնդրէ զի տեսցես զնա փութապէս:
menu_kingdom_army_quest_join_siege_order|{s8} ազդ առնէ զի յարեսցիս ի պաշարումն {s9}ի վասն բովանդակ յարձակման: Զօրականք քո պարտին առնուլ զ{s9} ամենայն կերպիւ:
menu_kingdom_army_follow_failed|Ոչ անսացեր հրամանաց եւ հեռացար ի զօրացն {s8}ի: Նա ի բարկութեան իւրում արտաքսեաց զքեզ ի զօրացն եւ առաքեաց զազդարարութիւն սաստիկ:
menu_invite_player_to_faction_without_center|Ընկալար զառաջարկ հպատակութեան!^^ {s8} ի {s9}է` առաքեաց զսուրհանդակ արքունի մատուցանել քեզ զհրաւէր իւր: Ընկալցիս զպատիւ լինելոյ տէր ի {s9}, եւ փոխանակ {s8} խնդրէ ի քէն ուխտել զհպատակութիւն եւ յարիլ ի պատերազմս իւր, այլ ոչ մատուցանէ քեզ երկիր կամ տիտղոս: Եթէ մերժեսցես զառաջարկն` անշուշտ նախատեսցի:
mno_faction_accept|Ընկալ...
mno_faction_reject|Մերժեա...
menu_invite_player_to_faction|Ընկալար զառաջարկ հրամանատարութեան^^{s8} ի {s9}է կոչէ զքեզ լինել հրամանատար իւր: Վասն պատուոյ այսր եւ կալուածոյն {s2} զոր մատուցանէ քեզ` կամի զի ուխտեսցես զհպատակութիւն եւ յարեսցիս ի պատերազմս նորա:
menu_invite_player_to_faction_accepted|{s3} կամի զի ուխտեսցես զհպատակութիւն նմա: Պարտ է քեզ գտանել զնա եւ մատուցանել զուխտ քո: {s5}.
menu_question_peace_offer|Ընկալար զառաջարկ հաշտութեան: {s1} մատուցանէ զդաշն հաշտութեան: Զի՞նչ է պատասխանի քո:
mno_peace_offer_accept|Ընկալ:
mno_peace_offer_reject|Մերժեա:
menu_notification_truce_expired|Զինադադարն աւարտեցաւ^^Զինադադարն ի միջի {s1} եւ {s2} աւարտեցաւ:^
menu_notification_feast_quest_expired|{s10}
menu_notification_sortie_possible|Թշնամիք երեւեցան,^^ Թշնամիք երեւեցան արտաքոյ պարսպացն {s4}ի: {s5} եւ այլք պատրաստին ի յարձակումն: Եթէ կամիս` կարես յարիլ ի նոսա:
menu_notification_casus_belli_expired|Թագաւորութիւնն ոչ ետ պատասխանի^^ {s1} ոչ ետ պատասխանի գրգռութեանցն {s2}ի, եւ կորոյս զհեղինակութիւն իւր առ հպատակսն {s3}...
menu_notification_lord_defects|Անցումն ի թշնամիսն^^ {s4} մեկնեցաւ ի {s5}է եւ յարեցաւ ի {s7} ընդ երկիրս իւր:
menu_notification_treason_indictment|Ամբաստանութիւն դաւաճանութեան^^{s9}
menu_notification_border_incident|Դէպք սահմանի^^ Ըստ լուրոց` {s9}: Թէպէտ ոչ գիտես զստուգութիւն լուրոյն` հաստատ ես ի մի բան -- դէպքս այս սակաւաւոր զայրացոյց զժողովուրդն ի {s4}, եւ յաւելոյ զհաւանականութիւն պատերազմի ընդ {s3}:
menu_notification_player_faction_active|Արդ տիրես երկրի առանց հպատակութեան այլում թագաւորի. ես հրամանատար ինքնիշխան: Վայելեա յազատութիւնդ, այլ գիտա զի թագաւորք աշխարհի ոչ հային ի քեզ բարեացակամութեամբ, եւ խնդրեսցեն զամենայն առիթ վասն կորուստի քո: Առանց հովանաւորութեան թագաւորութեան` կեանք լինիցի դժուարին:
mno_appoint_spouse|Կարգեա զկին քո, զ{s10}...
mno_appoint_npc1|Կարգեա զ{s10}
mno_appoint_npc2|Կարգեա զ{s10}
mno_appoint_npc3|Կարգեա զ{s10}
mno_appoint_npc4|Կարգեա զ{s10}
mno_appoint_npc5|Կարգեա զ{s10}
mno_appoint_npc6|Կարգեա զ{s10}
mno_appoint_npc7|Կարգեա զ{s10}
mno_appoint_npc8|Կարգեա զ{s10}
mno_appoint_npc9|Կարգեա զ{s10}
mno_appoint_npc10|Կարգեա զ{s10}
mno_appoint_npc11|Կարգեա զ{s10}
mno_appoint_npc12|Կարգեա զ{s10}
mno_appoint_npc13|Կարգեա զ{s10}
mno_appoint_npc14|Կարգեա զ{s10}
mno_appoint_npc15|Կարգեա զ{s10}
mno_appoint_npc16|Կարգեա զ{s10}
mno_appoint_default|Կարգեա զոմն յազնուական քաղաքացւոց գաւառին...
menu_minister_confirm|Գտանես զ{s9} ի կայանի քում ի {s12}: Պատշաճ է խօսիլ ընդ նմա յաճախակի զի մի՛ յաւելցին խնդիրք որք սասանեսցեն զհեղինակութիւն քո...
menu_notification_court_lost|{s12}
menu_notification_player_faction_deactive|Այլեւս ոչ ունիս երկիր:
menu_notification_player_wedding_day|Ըստ պատգամի {s8}ի` պատրաստութիւնք հարսանեաց քոց ի {s10} աւարտեցան, եւ ակնկալին տեսանել զքեզ անդ փութապէս:
menu_notification_player_kingdom_holds_feast|{s11}
menu_notification_center_under_siege|{s1} պաշարեալ է ի {s2}է` ի կողմանէ {s3}ի!
menu_notification_village_raided|Թշնամիք քո աւարեցին զգեւղ մի!^^{s1} աւարեցաւ ի {s2}է` ի կողմանէ {s3}ի:
menu_notification_village_raid_started|Գիւղ քո յարձակման ներքոյ է!^^{s2} ի {s3}է` այրէ զ{s1}:
menu_notification_one_faction_left|Կալրադիա տիրեցաւ ի միոյ թագաւորութենէ!^^{s1} յաղթեաց ամենայն հակառակորդաց եւ մնաց իբրեւ միակ թագաւորութիւն:
menu_notification_oath_renounced_faction_defeated|Նախկին թագաւորութիւն քո պարտեցաւ!^^ Յաղթեցեր ի պատերազմի ընդդէմ {s1}ի! Այսպէս աւարտեցաւ մարտ քո սկսեալ յօրէ յորում լուծեր զուխտ հպատակութեան:
menu_notification_center_lost|Կորուսեր զկալուած մի!^^{s1} տիրեցաւ ի {s2}է:
menu_notification_troop_left_players_faction|Դաւաճանութիւն!^^{s1} մեկնեցաւ ի {s2}է եւ յարեցաւ ի {s3}:
menu_notification_troop_joined_players_faction|Աւետիս!^^ {s1} մեկնեցաւ ի {s2}է եւ յարեցաւ ի {s3}:
menu_notification_war_declared|Ազդարարութիւն պատերազմի!^^{s1} ազդարարեաց պատերազմ ընդդէմ {s2}ի:
menu_notification_peace_declared|Դաշն հաշտութեան^^ {s1} եւ {s2} կնքեցին զդաշն հաշտութեան:
menu_notification_faction_defeated|Թագաւորութիւնն անկաւ!^^{s1} այլեւս ոչ գոյ!
menu_notification_rebels_switched_to_faction|Ապստամբութիւնն յաջողեցաւ!^^ Ապստամբութիւն քո յաջողեցաւ! Արդ թագաւորութիւն քո, առաջնորդութեամբ {s12}ի, է միակ տէր անուանն {s11}:
menu_notification_player_should_consult|Ըստ լուրոյ պաշտօնէի քո` յերկրի քում լինին դէպք որք կարեն սասանել զհեղինակութիւն քո եթէ ոչ առնուցուս զգուշութիւն: Կամի խօսիլ ընդ քեզ փութապէս վասն կարեւոր գործոց:
menu_notification_player_feast_in_progress|Խրախճանութիւնն պատրաստի^^Կին քո սկսաւ պատրաստել զխրախճանութիւն ի {s11}:
menu_notification_lady_requests_visit|Կին մի ալեւոր մերձեցաւ ի խումբ քո եւ ետ զմատեան մի կնքեալ միոյ յարանց քոց: Յորժամ առեր զպատգամն եւ բացեր զկնիքն` ծանեար զի առաքեաց {s15}: Ասէ` «Այցելութիւն քո յոյժ ուրախ արար զմեզ: {s14} Արդ բնակեմ ի {s10}:» {s12}
menu_garden|{s12}
mno_nurse|Սպասեա առ վտակին:
menu_kill_local_merchant_begin|Տեսեալ զզոհ քո` սկսար հետեւիլ նմա, մինչեւ նա մտանէ ի խաւար նրբանցք մի... Այս է լաւագոյն առիթ յարձակման:
menu_debug_alert_from_s65|ԶԳՈՒՇԱՑՈՒՄ: {s65}
menu_auto_return_to_map|Յամեսցի
menu_bandit_lair|{s3}
mno_continue_1|Յարձակեա ի վրէժ նոցա...
mno_leave_no_attack|Թող...
mno_leave_victory|Յառաջ...
mno_leave_defeat|Յառաջ...
menu_notification_player_faction_political_issue_resolved|Յետ խորհրդակցութեան ընդ տեարս` {s10} վճռեաց տալ զ{s11} {s12}ի:
menu_notification_player_faction_political_issue_resolved_for_player|Յետ խորհրդակցութեան ընդ տեարս` {s10} վճռեաց տալ զ{s11} քեզ: Եթէ կամիս` կարես մերժել զպատիւն, այլ յայնժամ թերեւս ոչ ընկալցիս նոր կալուածս առ ժամանակ մի:
mno_accept|Ընկալ զպատիւն
mno_decline|Մերժեա զպատիւն
menu_start_phase_3|{s16} Հասեալ ի պանդոկն {s1}ի յոյժ վաստակեալ` ննջեցեր անդէն: Յառաջ քան զծագել արեւուն յարեար շրջել ի քաղաքին: Մինչդեռ շրջէիր յամայի փողոցսն` լուար ձայն մի յանկարծակի: Ձայն սրոյ մերկացելոյ ազդ առնէ քեզ վտանգի, եւ եթէ ոչ առնուս զգուշութիւն` արկածք քո յաշխարհի աստ աւարտեսցին յառաջ քան զսկսանիլն...
menu_start_phase_4|{s11}
menu_lost_tavern_duel|{s11}
menu_establish_court|Վասն հաստատելոյ զարքունիս քո ի {s4} պահանջի սակաւ ինչ նորոգութիւն: Վասն այսր պարտ են գործիք եւ թաւիշ պատուական: Նաեւ ժամանակ պահանջեսցի զի ընտանիք քո փոխադրեսցին աստ: Կամի՞ս շարունակել:
mno_establish|Հաստատեա զարքունիս ի {s4}:
menu_notification_relieved_as_marshal|{s4} կամի ազդ առնել քեզ զի ծառայութիւնք քո իբրեւ սպարապետ այլեւս ոչ են պիտանի: Ի պատիւ քաջութեան քոյ ի վերայ թագաւորութեան յաւուրս {reg4} անցելոց` նա մատուցանէ քեզ քսակ մի {reg5} դահեկանաց:
menu_battlefields|Ընտրեա զդաշտ...
menu_total_defeat|Ոչ էր պարտ քեզ զայս ընթերցնուլ...
