itm_no_item|ԱՆՎԱՒԵՐ ԻՐ
itm_no_item_pl|ԱՆՎԱՒԵՐ ԻՐՔ
itm_tutorial_spear|Նիզակ
itm_tutorial_spear_pl|Նիզակք
itm_tutorial_club|Մահակ
itm_tutorial_club_pl|Մահակք
itm_tutorial_battle_axe|Տապար
itm_tutorial_battle_axe_pl|Տապարք
itm_tutorial_arrows|Նետք
itm_tutorial_arrows_pl|Նետք
itm_tutorial_bolts|Նետք աղեղնասարքի
itm_tutorial_bolts_pl|Նետք աղեղնասարքի
itm_tutorial_short_bow|Աղեղն կարճ
itm_tutorial_short_bow_pl|Աղեղնք կարճք
itm_tutorial_crossbow|Աղեղնասարք
itm_tutorial_crossbow_pl|Աղեղնասարքք
itm_tutorial_throwing_daggers|Դաշոյն նետողական
itm_tutorial_throwing_daggers_pl|Դաշոյնք նետողականք
itm_tutorial_saddle_horse|Երիվար
itm_tutorial_saddle_horse_pl|Երիվարք
itm_tutorial_shield|Վահան
itm_tutorial_shield_pl|Վահանք
itm_tutorial_staff_no_attack|Գաւազան
itm_tutorial_staff_no_attack_pl|Գաւազանք
itm_tutorial_staff|Գաւազան
itm_tutorial_staff_pl|Գաւազանք
itm_tutorial_sword|Սուր
itm_tutorial_sword_pl|Սուրք
itm_tutorial_axe|Կացին
itm_tutorial_axe_pl|Կացինք
itm_tutorial_dagger|Դաշոյն
itm_tutorial_dagger_pl|Դաշոյնք
itm_horse_meat|Միս ձիոյ
itm_horse_meat_pl|Միս ձիոյ
itm_practice_sword|Սուր մարզանաց
itm_practice_sword_pl|Սուրք մարզանաց
itm_heavy_practice_sword|Սուր ծանր մարզանաց
itm_heavy_practice_sword_pl|Սուրք ծանրք մարզանաց
itm_practice_dagger|Դաշոյն մարզանաց
itm_practice_dagger_pl|Դաշոյնք մարզանաց
itm_practice_axe|Կացին մարզանաց
itm_practice_axe_pl|Կացինք մարզանաց
itm_arena_axe|Կացին
itm_arena_axe_pl|Կացինք
itm_arena_sword|Սուր
itm_arena_sword_pl|Սուրք
itm_arena_sword_two_handed|Սուր երկձեռնի
itm_arena_sword_two_handed_pl|Սուրք երկձեռնիք
itm_arena_lance|Նիզակ հեծելազօրի
itm_arena_lance_pl|Նիզակք հեծելազօրի
itm_practice_staff|Գաւազան մարզանաց
itm_practice_staff_pl|Գաւազանք մարզանաց
itm_practice_lance|Նիզակ մարզանաց
itm_practice_lance_pl|Նիզակք մարզանաց
itm_practice_shield|Վահան մարզանաց
itm_practice_shield_pl|Վահանք մարզանաց
itm_practice_bow|Աղեղն մարզանաց
itm_practice_bow_pl|Աղեղնք մարզանաց
itm_practice_crossbow|Աղեղնասարք մարզանաց
itm_practice_crossbow_pl|Աղեղնասարքք մարզանաց
itm_practice_javelin|Տէգ մարզանաց
itm_practice_javelin_pl|Տէգք մարզանաց
itm_practice_javelin_melee|Մարզեա տէգաւ
itm_practice_javelin_melee_pl|Մարզեա տէգաւ
itm_practice_throwing_daggers|Դաշոյն նետողական
itm_practice_throwing_daggers_pl|Դաշոյնք նետողականք
itm_practice_throwing_daggers_100_amount|Դաշոյն նետողական
itm_practice_throwing_daggers_100_amount_pl|Դաշոյնք նետողականք
itm_practice_horse|Երիվար մարզանաց
itm_practice_horse_pl|Երիվարք մարզանաց
itm_practice_arrows|Նետ մարզանաց
itm_practice_arrows_pl|Նետք մարզանաց
itm_practice_bolts|Նետ աղեղնասարքի
itm_practice_bolts_pl|Նետք աղեղնասարքի
itm_practice_arrows_10_amount|Նետ մարզանաց
itm_practice_arrows_10_amount_pl|Նետք մարզանաց
itm_practice_arrows_100_amount|Նետ մարզանաց
itm_practice_arrows_100_amount_pl|Նետք մարզանաց
itm_practice_bolts_9_amount|Նետ աղեղնասարքի
itm_practice_bolts_9_amount_pl|Նետք աղեղնասարքի
itm_practice_boots|Կօշիկք մարզանաց
itm_practice_boots_pl|Կօշիկք մարզանաց
itm_red_tourney_armor|Զրահ կարմիր մրցութեան
itm_red_tourney_armor_pl|Զրահք կարմիրք մրցութեան
itm_blue_tourney_armor|Զրահ կապոյտ մրցութեան
itm_blue_tourney_armor_pl|Զրահք կապոյտք մրցութեան
itm_green_tourney_armor|Զրահ կանաչ մրցութեան
itm_green_tourney_armor_pl|Զրահք կանաչք մրցութեան
itm_gold_tourney_armor|Զրահ ոսկեգոյն մրցութեան
itm_gold_tourney_armor_pl|Զրահք ոսկեգոյնք մրցութեան
itm_red_tourney_helmet|Սաղաւարտ կարմիր մրցութեան
itm_red_tourney_helmet_pl|Սաղաւարտք կարմիրք մրցութեան
itm_blue_tourney_helmet|Սաղաւարտ կապոյտ մրցութեան
itm_blue_tourney_helmet_pl|Սաղաւարտք կապոյտք մրցութեան
itm_green_tourney_helmet|Սաղաւարտ կանաչ մրցութեան
itm_green_tourney_helmet_pl|Սաղաւարտք կանաչք մրցութեան
itm_gold_tourney_helmet|Սաղաւարտ ոսկեգոյն մրցութեան
itm_gold_tourney_helmet_pl|Սաղաւարտք ոսկեգոյնք մրցութեան
itm_arena_shield_red|Վահան
itm_arena_shield_red_pl|Վահանք
itm_arena_shield_blue|Վահան
itm_arena_shield_blue_pl|Վահանք
itm_arena_shield_green|Վահան
itm_arena_shield_green_pl|Վահանք
itm_arena_shield_yellow|Վահան
itm_arena_shield_yellow_pl|Վահանք
itm_arena_armor_white|Զրահ սպիտակ ասպարիսի
itm_arena_armor_white_pl|Զրահք սպիտակք ասպարիսի
itm_arena_armor_red|Զրահ կարմիր ասպարիսի
itm_arena_armor_red_pl|Զրահք կարմիրք ասպարիսի
itm_arena_armor_blue|Զրահ կապոյտ ասպարիսի
itm_arena_armor_blue_pl|Զրահք կապոյտք ասպարիսի
itm_arena_armor_green|Զրահ կանաչ ասպարիսի
itm_arena_armor_green_pl|Զրահք կանաչք ասպարիսի
itm_arena_armor_yellow|Զրահ դեղին ասպարիսի
itm_arena_armor_yellow_pl|Զրահք դեղինք ասպարիսի
itm_arena_tunic_white|Շապիկ սպիտակ ասպարիսի
itm_arena_tunic_white_pl|Շապիկք սպիտակք ասպարիսի
itm_arena_tunic_red|Շապիկ կարմիր ասպարիսի
itm_arena_tunic_red_pl|Շապիկք կարմիրք ասպարիսի
itm_arena_tunic_blue|Շապիկ կապոյտ ասպարիսի
itm_arena_tunic_blue_pl|Շապիկք կապոյտք ասպարիսի
itm_arena_tunic_green|Շապիկ կանաչ ասպարիսի
itm_arena_tunic_green_pl|Շապիկք կանաչք ասպարիսի
itm_arena_tunic_yellow|Շապիկ դեղին ասպարիսի
itm_arena_tunic_yellow_pl|Շապիկք դեղինք ասպարիսի
itm_arena_helmet_red|Սաղաւարտ կարմիր ասպարիսի
itm_arena_helmet_red_pl|Սաղաւարտք կարմիրք ասպարիսի
itm_arena_helmet_blue|Սաղաւարտ կապոյտ ասպարիսի
itm_arena_helmet_blue_pl|Սաղաւարտք կապոյտք ասպարիսի
itm_arena_helmet_green|Սաղաւարտ կանաչ ասպարիսի
itm_arena_helmet_green_pl|Սաղաւարտք կանաչք ասպարիսի
itm_arena_helmet_yellow|Սաղաւարտ դեղին ասպարիսի
itm_arena_helmet_yellow_pl|Սաղաւարտք դեղինք ասպարիսի
itm_steppe_helmet_white|Սաղաւարտ սպիտակ դաշտային
itm_steppe_helmet_white_pl|Սաղաւարտք սպիտակք դաշտայինք
itm_steppe_helmet_red|Սաղաւարտ կարմիր դաշտային
itm_steppe_helmet_red_pl|Սաղաւարտք կարմիրք դաշտայինք
itm_steppe_helmet_blue|Սաղաւարտ կապոյտ դաշտային
itm_steppe_helmet_blue_pl|Սաղաւարտք կապոյտք դաշտայինք
itm_steppe_helmet_green|Սաղաւարտ կանաչ դաշտային
itm_steppe_helmet_green_pl|Սաղաւարտք կանաչք դաշտայինք
itm_steppe_helmet_yellow|Սաղաւարտ դեղին դաշտային
itm_steppe_helmet_yellow_pl|Սաղաւարտք դեղինք դաշտայինք
itm_tourney_helm_white|Սաղաւարտ սպիտակ մրցութեան
itm_tourney_helm_white_pl|Սաղաւարտք սպիտակք մրցութեան
itm_tourney_helm_red|Սաղաւարտ կարմիր մրցութեան
itm_tourney_helm_red_pl|Սաղաւարտք կարմիրք մրցութեան
itm_tourney_helm_blue|Սաղաւարտ կապոյտ մրցութեան
itm_tourney_helm_blue_pl|Սաղաւարտք կապոյտք մրցութեան
itm_tourney_helm_green|Սաղաւարտ կանաչ մրցութեան
itm_tourney_helm_green_pl|Սաղաւարտք կանաչք մրցութեան
itm_tourney_helm_yellow|Սաղաւարտ դեղին մրցութեան
itm_tourney_helm_yellow_pl|Սաղաւարտք դեղինք մրցութեան
itm_arena_turban_red|Չալմայ ասպարիսի
itm_arena_turban_red_pl|Չալմայք ասպարիսի
itm_arena_turban_blue|Չալմայ ասպարիսի
itm_arena_turban_blue_pl|Չալմայք ասպարիսի
itm_arena_turban_green|Չալմայ ասպարիսի
itm_arena_turban_green_pl|Չալմայք ասպարիսի
itm_arena_turban_yellow|Չալմայ ասպարիսի
itm_arena_turban_yellow_pl|Չալմայք ասպարիսի
itm_book_tactics|De Re Militari
itm_book_tactics_pl|De Re Militari
itm_book_persuasion|Rhetorica ad Herennium
itm_book_persuasion_pl|Rhetorica ad Herennium
itm_book_leadership|Վարք Ալիքսենոսի Մեծի
itm_book_leadership_pl|Վարք Ալիքսենոսի Մեծի
itm_book_intelligence|Յաղագս Տրամաբանութեան
itm_book_intelligence_pl|Յաղագս Տրամաբանութեան
itm_book_trade|Յաղագս Յարգի Իրաց
itm_book_trade_pl|Յաղագս Յարգի Իրաց
itm_book_weapon_mastery|Յաղագս Արուեստի Սուսերամարտի
itm_book_weapon_mastery_pl|Յաղագս Արուեստի Սուսերամարտի
itm_book_engineering|Յաղագս Մեքենայագիտութեան
itm_book_engineering_pl|Յաղագս Մեքենայագիտութեան
itm_book_wound_treatment_reference|Մատեան Բժշկութեան
itm_book_wound_treatment_reference_pl|Մատեան Բժշկութեան
itm_book_training_reference|Մատեան Զինավարժութեան
itm_book_training_reference_pl|Մատեան Զինավարժութեան
itm_book_surgery_reference|Մատեան Մեծ Վիրաբուժութեան
itm_book_surgery_reference_pl|Մատեան Մեծ Վիրաբուժութեան
itm_spice|Համեմ
itm_spice_pl|Համեմք
itm_salt|Աղ
itm_salt_pl|Աղք
itm_oil|Ձէթ
itm_oil_pl|Ձէթք
itm_pottery|Կաւեղէն
itm_pottery_pl|Կաւեղէնք
itm_raw_flax|Կտաւ հում
itm_raw_flax_pl|Կտաւք հումք
itm_linen|Կտաւ
itm_linen_pl|Կտաւք
itm_wool|Բուրդ
itm_wool_pl|Բուրդք
itm_wool_cloth|Կերպաս բրդեղէն
itm_wool_cloth_pl|Կերպասք բրդեղէնք
itm_raw_silk|Մետաքս հում
itm_raw_silk_pl|Մետաքսք հումք
itm_raw_dyes|Ներկք
itm_raw_dyes_pl|Ներկք
itm_velvet|Թաւիշ
itm_velvet_pl|Թաւիշք
itm_iron|Երկաթ
itm_iron_pl|Երկաթք
itm_tools|Գործիք
itm_tools_pl|Գործիք
itm_raw_leather|Կաշի հում
itm_raw_leather_pl|Կաշիք հումք
itm_leatherwork|Կաշեգործութիւն
itm_leatherwork_pl|Կաշեգործութիւնք
itm_raw_date_fruit|Արմաւ
itm_raw_date_fruit_pl|Արմաւք
itm_furs|Մորթիք
itm_furs_pl|Մորթիք
itm_wine|Գինի
itm_wine_pl|Գինիք
itm_ale|Գարեջուր
itm_ale_pl|Գարեջուրք
itm_smoked_fish|Ձուկն ապխտած
itm_smoked_fish_pl|Ձուկն ապխտած
itm_cheese|Պանիր
itm_cheese_pl|Պանիրք
itm_honey|Մեղր
itm_honey_pl|Մեղր
itm_sausages|Երշիկք
itm_sausages_pl|Երշիկք
itm_cabbages|Կաղամբ
itm_cabbages_pl|Կաղամբք
itm_dried_meat|Միս չորացեալ
itm_dried_meat_pl|Միս չորացեալ
itm_apples|Խնձոր
itm_apples_pl|Խնձորք
itm_raw_grapes|Խաղող
itm_raw_grapes_pl|Խաղողք
itm_raw_olives|Ձիթապտուղ
itm_raw_olives_pl|Ձիթապտուղք
itm_grain|Ցորեան
itm_grain_pl|Ցորեան
itm_cattle_meat|Միս արջառոյ
itm_cattle_meat_pl|Միս արջառոյ
itm_bread|Հաց
itm_bread_pl|Հացք
itm_chicken|Հաւ
itm_chicken_pl|Հաւք
itm_pork|Միս խոզոյ
itm_pork_pl|Միս խոզոյ
itm_butter|Կարագ
itm_butter_pl|Կարագ
itm_siege_supply|Պաշար պաշարման
itm_siege_supply_pl|Պաշարք պաշարման
itm_quest_wine|Գինի
itm_quest_wine_pl|Գինիք
itm_quest_ale|Գարեջուր
itm_quest_ale_pl|Գարեջուրք
itm_sumpter_horse|Գրաստ
itm_sumpter_horse_pl|Գրաստք
itm_saddle_horse|Երիվար հանգստեան
itm_saddle_horse_pl|Երիվարք հանգստեան
itm_steppe_horse|Երիվար դաշտային
itm_steppe_horse_pl|Երիվարք դաշտայինք
itm_arabian_horse_a|Երիվար արաբացւոց
itm_arabian_horse_a_pl|Երիվարք արաբացւոց
itm_courser|Նժոյգ արագավազ
itm_courser_pl|Նժոյգք արագավազք
itm_arabian_horse_b|Երիվար սարրանեաց
itm_arabian_horse_b_pl|Երիվարք սարրանեաց
itm_hunter|Երիվար որսորդաց
itm_hunter_pl|Երիվարք որսորդաց
itm_warhorse|Երիվար պատերազմի
itm_warhorse_pl|Երիվարք պատերազմի
itm_charger|Նժոյգ յարձակման
itm_charger_pl|Նժոյգք յարձակման
itm_arrows|Նետք
itm_arrows_pl|Նետք
itm_khergit_arrows|Նետք քերգիթաց
itm_khergit_arrows_pl|Նետք քերգիթաց
itm_barbed_arrows|Նետք փշաւորք
itm_barbed_arrows_pl|Նետք փշաւորք
itm_bodkin_arrows|Նետք սրածայրք
itm_bodkin_arrows_pl|Նետք սրածայրք
itm_bolts|Նետք աղեղնասարքի
itm_bolts_pl|Նետք աղեղնասարքի
itm_steel_bolts|Նետք պողպատեայք աղեղնասարքի
itm_steel_bolts_pl|Նետք պողպատեայք աղեղնասարքի
itm_cartridges|Փամփուշտք
itm_cartridges_pl|Փամփուշտք
itm_pilgrim_disguise|Հանդերձ ուխտաւորի
itm_pilgrim_disguise_pl|Հանդերձք ուխտաւորաց
itm_pilgrim_hood|Գլխարկ ուխտաւորի
itm_pilgrim_hood_pl|Գլխարկք ուխտաւորաց
itm_leather_gloves|Ձեռնոցք կաշեայք
itm_leather_gloves_pl|Ձեռնոցք կաշեայք
itm_mail_mittens|Ձեռնոցք զրահաւորք
itm_mail_mittens_pl|Ձեռնոցք զրահաւորք
itm_scale_gauntlets|Բազպանք թեփուկաւորք
itm_scale_gauntlets_pl|Բազպանք թեփուկաւորք
itm_lamellar_gauntlets|Բազպանք թիթեղաւորք
itm_lamellar_gauntlets_pl|Բազպանք թիթեղաւորք
itm_gauntlets|Բազպանք զրահաւորք
itm_gauntlets_pl|Բազպանք զրահաւորք
itm_wrapping_boots|Տրեխք փաթաթեալք
itm_wrapping_boots_pl|Տրեխք փաթաթեալք
itm_woolen_hose|Գուլպայք բրդեայք
itm_woolen_hose_pl|Գուլպայք բրդեայք
itm_blue_hose|Գուլպայք կապոյտք
itm_blue_hose_pl|Գուլպայք կապոյտք
itm_hunter_boots|Կօշիկք որսորդի
itm_hunter_boots_pl|Կօշիկք որսորդաց
itm_hide_boots|Կօշիկք մորթեայք
itm_hide_boots_pl|Կօշիկք մորթեայք
itm_ankle_boots|Կօշիկք կարճք
itm_ankle_boots_pl|Կօշիկք կարճք
itm_nomad_boots|Կօշիկք դաշտայինք
itm_nomad_boots_pl|Կօշիկք դաշտայինք
itm_leather_boots|Կօշիկք կաշեայք
itm_leather_boots_pl|Կօշիկք կաշեայք
itm_splinted_leather_greaves|Սրնապանք կաշեայք թիթեղաւորք
itm_splinted_leather_greaves_pl|Սրնապանք կաշեայք թիթեղաւորք
itm_mail_chausses|Սրնապանք զրահաւորք
itm_mail_chausses_pl|Սրնապանք զրահաւորք
itm_splinted_greaves|Սրնապանք թիթեղաւորք
itm_splinted_greaves_pl|Սրնապանք թիթեղաւորք
itm_mail_boots|Կօշիկք զրահաւորք
itm_mail_boots_pl|Կօշիկք զրահաւորք
itm_iron_greaves|Սրնապանք երկաթեայք
itm_iron_greaves_pl|Սրնապանք երկաթեայք
itm_black_greaves|Սրնապանք սեաւք
itm_black_greaves_pl|Սրնապանք սեաւք
itm_khergit_leather_boots|Կօշիկք կաշեայք քերգիթաց
itm_khergit_leather_boots_pl|Կօշիկք կաշեայք քերգիթաց
itm_sarranid_boots_a|Տրեխք սարրանեաց
itm_sarranid_boots_a_pl|Տրեխք սարրանեաց
itm_sarranid_boots_b|Կօշիկք կաշեայք սարրանեաց
itm_sarranid_boots_b_pl|Կօշիկք կաշեայք սարրանեաց
itm_sarranid_boots_c|Կօշիկք ծածկեալք
itm_sarranid_boots_c_pl|Կօշիկք ծածկեալք
itm_sarranid_boots_d|Կօշիկք զրահաւորք սարրանեաց
itm_sarranid_boots_d_pl|Կօշիկք զրահաւորք սարրանեաց
itm_sarranid_head_cloth|Քօղ տիկնոջ
itm_sarranid_head_cloth_pl|Քօղք տիկնանց
itm_sarranid_head_cloth_b|Քօղ տիկնոջ
itm_sarranid_head_cloth_b_pl|Քօղք տիկնանց
itm_sarranid_felt_head_cloth|Չալմայ
itm_sarranid_felt_head_cloth_pl|Չալմայք
itm_sarranid_felt_head_cloth_b|Չալմայ
itm_sarranid_felt_head_cloth_b_pl|Չալմայք
itm_lady_dress_ruby|Հանդերձ տիկնոջ
itm_lady_dress_ruby_pl|Հանդերձք տիկնանց
itm_lady_dress_green|Հանդերձ տիկնոջ
itm_lady_dress_green_pl|Հանդերձք տիկնանց
itm_lady_dress_blue|Հանդերձ տիկնոջ
itm_lady_dress_blue_pl|Հանդերձք տիկնանց
itm_red_dress|Հանդերձ կարմիր
itm_red_dress_pl|Հանդերձք կարմիրք
itm_brown_dress|Հանդերձ շագանակագոյն
itm_brown_dress_pl|Հանդերձք շագանակագոյնք
itm_green_dress|Հանդերձ կանաչ
itm_green_dress_pl|Հանդերձք կանաչք
itm_khergit_lady_dress|Հանդերձ տիկնոջ քերգիթաց
itm_khergit_lady_dress_pl|Հանդերձք տիկնանց քերգիթաց
itm_khergit_lady_dress_b|Հանդերձ կաշեայ տիկնոջ քերգիթաց
itm_khergit_lady_dress_b_pl|Հանդերձք կաշեայք տիկնանց քերգիթաց
itm_sarranid_lady_dress|Հանդերձ տիկնոջ սարրանեաց
itm_sarranid_lady_dress_pl|Հանդերձք տիկնանց սարրանեաց
itm_sarranid_lady_dress_b|Հանդերձ տիկնոջ սարրանեաց
itm_sarranid_lady_dress_b_pl|Հանդերձք տիկնանց սարրանեաց
itm_sarranid_common_dress|Հանդերձ սարրանեաց
itm_sarranid_common_dress_pl|Հանդերձք սարրանեաց
itm_sarranid_common_dress_b|Հանդերձ սարրանեաց
itm_sarranid_common_dress_b_pl|Հանդերձք սարրանեաց
itm_courtly_outfit|Հանդերձ արքունի
itm_courtly_outfit_pl|Հանդերձք արքունիք
itm_nobleman_outfit|Հանդերձ ազնուականի
itm_nobleman_outfit_pl|Հանդերձք ազնուականաց
itm_nomad_armor|Զրահ դաշտային
itm_nomad_armor_pl|Զրահք դաշտայինք
itm_khergit_armor|Զրահ քերգիթաց
itm_khergit_armor_pl|Զրահք քերգիթաց
itm_leather_jacket|Բաճկոն կաշեայ
itm_leather_jacket_pl|Բաճկոնք կաշեայք
itm_rawhide_coat|Վերարկու հում կաշւոյ
itm_rawhide_coat_pl|Վերարկուք հում կաշւոյ
itm_leather_armor|Զրահ կաշեայ
itm_leather_armor_pl|Զրահք կաշեայք
itm_fur_coat|Վերարկու մորթեայ
itm_fur_coat_pl|Վերարկուք մորթեայք
itm_coat|Վերարկու
itm_coat_pl|Վերարկուք
itm_leather_coat|Վերարկու կաշեայ
itm_leather_coat_pl|Վերարկուք կաշեայք
itm_mail_coat|Վերարկու զրահաւոր
itm_mail_coat_pl|Վերարկուք զրահաւորք
itm_long_mail_coat|Վերարկու երկայն զրահաւոր
itm_long_mail_coat_pl|Վերարկուք երկայնք զրահաւորք
itm_mail_with_tunic_red|Զրահ օղակաւոր ընդ կարմիր պատմուճանաւ
itm_mail_with_tunic_red_pl|Զրահք օղակաւորք ընդ կարմիր պատմուճանաւք
itm_mail_with_tunic_green|Զրահ օղակաւոր ընդ կանաչ պատմուճանաւ
itm_mail_with_tunic_green_pl|Զրահք օղակաւորք ընդ կանաչ պատմուճանաւք
itm_hide_coat|Վերարկու մորթեայ
itm_hide_coat_pl|Վերարկուք մորթեայք
itm_merchant_outfit|Հանդերձ վաճառականի
itm_merchant_outfit_pl|Հանդերձք վաճառականաց
itm_homespun_dress|Հանդերձ տնագործ
itm_homespun_dress_pl|Հանդերձք տնագործք
itm_thick_coat|Վերարկու թանձր
itm_thick_coat_pl|Վերարկուք թանձրք
itm_coat_with_cape|Վերարկու թիկնոցաւ
itm_coat_with_cape_pl|Վերարկուք թիկնոցաւք
itm_steppe_outfit|Հանդերձ դաշտային
itm_steppe_outfit_pl|Հանդերձք դաշտայինք
itm_nordic_outfit|Հանդերձ նորդաց
itm_nordic_outfit_pl|Հանդերձք նորդաց
itm_nordic_armor|Զրահ նորդաց
itm_nordic_armor_pl|Զրահք նորդաց
itm_hide_armor|Զրահ մորթեայ
itm_hide_armor_pl|Զրահք մորթեայք
itm_cloaked_tunic|Շապիկ քօղաւոր
itm_cloaked_tunic_pl|Շապիկք քօղաւորք
itm_sleeveless_tunic|Շապիկ անթեւ
itm_sleeveless_tunic_pl|Շապիկք անթեւք
itm_sleeveless_leather_tunic|Շապիկ կաշեայ անթեւ
itm_sleeveless_leather_tunic_pl|Շապիկք կաշեայք անթեւք
itm_linen_shirt|Շապիկ կտաւեայ
itm_linen_shirt_pl|Շապիկք կտաւեայք
itm_wool_coat|Վերարկու բրդեայ
itm_wool_coat_pl|Վերարկուք բրդեայք
itm_dress|Հանդերձ
itm_dress_pl|Հանդերձք
itm_blue_dress|Հանդերձ կապոյտ
itm_blue_dress_pl|Հանդերձք կապոյտք
itm_peasant_dress|Հանդերձ գեղջկի
itm_peasant_dress_pl|Հանդերձք գեղջկաց
itm_woolen_dress|Հանդերձ բրդեայ
itm_woolen_dress_pl|Հանդերձք բրդեայք
itm_shirt|Շապիկ
itm_shirt_pl|Շապիկք
itm_linen_tunic|Շապիկ կտաւեայ
itm_linen_tunic_pl|Շապիկք կտաւեայք
itm_short_tunic|Շապիկ կարճ
itm_short_tunic_pl|Շապիկք կարճք
itm_red_shirt|Շապիկ կարմիր
itm_red_shirt_pl|Շապիկք կարմիրք
itm_red_tunic|Շապիկ կարմիր
itm_red_tunic_pl|Շապիկք կարմիրք
itm_green_tunic|Շապիկ կանաչ
itm_green_tunic_pl|Շապիկք կանաչք
itm_blue_tunic|Շապիկ կապոյտ
itm_blue_tunic_pl|Շապիկք կապոյտք
itm_robe|Պատմուճան
itm_robe_pl|Պատմուճանք
itm_coarse_tunic|Շապիկ կոպիտ
itm_coarse_tunic_pl|Շապիկք կոպիտք
itm_leather_apron|Գոգնոց կաշեայ
itm_leather_apron_pl|Գոգնոցք կաշեայք
itm_tabard|Պարեգօտ
itm_tabard_pl|Պարեգօտք
itm_leather_vest|Բաճկոնակ կաշեայ
itm_leather_vest_pl|Բաճկոնակք կաշեայք
itm_steppe_armor|Զրահ դաշտային
itm_steppe_armor_pl|Զրահք դաշտայինք
itm_gambeson|Կրկնազրահ
itm_gambeson_pl|Կրկնազրահք
itm_blue_gambeson|Կրկնազրահ կապոյտ
itm_blue_gambeson_pl|Կրկնազրահք կապոյտք
itm_red_gambeson|Կրկնազրահ կարմիր
itm_red_gambeson_pl|Կրկնազրահք կարմիրք
itm_padded_cloth|Բամբակեայ բաճկոն
itm_padded_cloth_pl|Բամբակեայ բաճկոնք
itm_aketon_green|Զրահ հաստատուն
itm_aketon_green_pl|Զրահք հաստատունք
itm_leather_jerkin|Բաճկոն կաշեայ
itm_leather_jerkin_pl|Բաճկոնք կաշեայք
itm_nomad_vest|Բաճկոնակ դաշտային
itm_nomad_vest_pl|Բաճկոնակք դաշտայինք
itm_ragged_outfit|Հանդերձ մաշեալ
itm_ragged_outfit_pl|Հանդերձք մաշեալք
itm_padded_leather|Կաշի բամբակեայ
itm_padded_leather_pl|Կաշիք բամբակեայք
itm_tribal_warrior_outfit|Հանդերձ մարտիկի
itm_tribal_warrior_outfit_pl|Հանդերձք մարտիկաց
itm_nomad_robe|Պատմուճան դաշտային
itm_nomad_robe_pl|Պատմուճանք դաշտայինք
itm_studded_leather_coat|Վերարկու կաշեայ բեւեռաւոր
itm_studded_leather_coat_pl|Վերարկուք կաշեայք բեւեռաւորք
itm_byrnie|Զրահ կարճ օղակապ
itm_byrnie_pl|Զրահք կարճք օղակապք
itm_haubergeon|Զրահ անթեւ օղակապ
itm_haubergeon_pl|Զրահք անթեւք օղակապք
itm_lamellar_vest|Բաճկոնակ թիթեղաւոր
itm_lamellar_vest_pl|Բաճկոնակք թիթեղաւորք
itm_lamellar_vest_khergit|Բաճկոնակ թիթեղաւոր քերգիթաց
itm_lamellar_vest_khergit_pl|Բաճկոնակք թիթեղաւորք քերգիթաց
itm_mail_shirt|Շապիկ օղակապ զրահի
itm_mail_shirt_pl|Շապիկք օղակապք զրահից
itm_mail_hauberk|Զրահ օղակապ
itm_mail_hauberk_pl|Զրահք օղակապք
itm_mail_with_surcoat|Զրահ օղակապ վերարկուաւ
itm_mail_with_surcoat_pl|Զրահք օղակապք վերարկուաւք
itm_surcoat_over_mail|Զրահ օղակապ վերարկուաւ
itm_surcoat_over_mail_pl|Զրահք օղակապք վերարկուաւք
itm_brigandine_red|Բրիգանդին կարմիր
itm_brigandine_red_pl|Բրիգանդինք կարմիրք
itm_lamellar_armor|Զրահ թիթեղաւոր
itm_lamellar_armor_pl|Զրահք թիթեղաւորք
itm_scale_armor|Զրահ թեփուկաւոր
itm_scale_armor_pl|Զրահք թեփուկաւորք
itm_banded_armor|Զրահ շերտաւոր
itm_banded_armor_pl|Զրահք շերտաւորք
itm_cuir_bouilli|Զրահ կաշեայ պնդացեալ
itm_cuir_bouilli_pl|Զրահք կաշեայք պնդացեալք
itm_coat_of_plates|Զրահ թիթեղեղէն
itm_coat_of_plates_pl|Զրահք թիթեղեղէնք
itm_coat_of_plates_red|Բաճկոն թիթեղաւոր
itm_coat_of_plates_red_pl|Բաճկոնք թիթեղաւորք
itm_plate_armor|Զրահ ամբողջական թիթեղոյ
itm_plate_armor_pl|Զրահք ամբողջականք թիթեղոյ
itm_black_armor|Զրահ սեաւ
itm_black_armor_pl|Զրահք սեաւք
itm_pelt_coat|Վերարկու մորթեայ
itm_pelt_coat_pl|Վերարկուք մորթեայք
itm_khergit_elite_armor|Զրահ ընտիր քերգիթաց
itm_khergit_elite_armor_pl|Զրահք ընտիրք քերգիթաց
itm_vaegir_elite_armor|Զրահ ընտիր վէգիրաց
itm_vaegir_elite_armor_pl|Զրահք ընտիրք վէգիրաց
itm_sarranid_elite_armor|Զրահ ընտիր սարրանեաց
itm_sarranid_elite_armor_pl|Զրահք ընտիրք սարրանեաց
itm_sarranid_dress_a|Հանդերձ
itm_sarranid_dress_a_pl|Հանդերձք
itm_sarranid_dress_b|Հանդերձ
itm_sarranid_dress_b_pl|Հանդերձք
itm_sarranid_cloth_robe|Պատմուճան հնացեալ
itm_sarranid_cloth_robe_pl|Պատմուճանք հնացեալք
itm_sarranid_cloth_robe_b|Պատմուճան հնացեալ
itm_sarranid_cloth_robe_b_pl|Պատմուճանք հնացեալք
itm_skirmisher_armor|Զրահ թեթեւազէնի
itm_skirmisher_armor_pl|Զրահք թեթեւազէնից
itm_archers_vest|Բաճկոնակ աղեղնաւորի
itm_archers_vest_pl|Բաճկոնակք աղեղնաւորաց
itm_sarranid_leather_armor|Զրահ կաշեայ սարրանեաց
itm_sarranid_leather_armor_pl|Զրահք կաշեայք սարրանեաց
itm_sarranid_cavalry_robe|Պատմուճան հեծելազօրի
itm_sarranid_cavalry_robe_pl|Պատմուճանք հեծելազօրի
itm_arabian_armor_b|Զրահ պահապանի սարրանեաց
itm_arabian_armor_b_pl|Զրահք պահապանաց սարրանեաց
itm_sarranid_mail_shirt|Շապիկ օղակապ սարրանեաց
itm_sarranid_mail_shirt_pl|Շապիկք օղակապք սարրանեաց
itm_mamluke_mail|Զրահ մամլուքաց
itm_mamluke_mail_pl|Զրահք մամլուքաց
itm_burlap_tunic|Շապիկ կոպիտ
itm_burlap_tunic_pl|Շապիկք կոպիտք
itm_heraldic_mail_with_surcoat|Զրահ տոհմական վերարկուաւ
itm_heraldic_mail_with_surcoat_pl|Զրահք տոհմականք վերարկուաւք
itm_heraldic_mail_with_tunic|Զրահ տոհմական պարեգօտաւ
itm_heraldic_mail_with_tunic_pl|Զրահք տոհմականք պարեգօտաւք
itm_heraldic_mail_with_tunic_b|Զրահ տոհմական պարեգօտաւ
itm_heraldic_mail_with_tunic_b_pl|Զրահք տոհմականք պարեգօտաւք
itm_heraldic_mail_with_tabard|Զրահ տոհմական պարեգօտաւ
itm_heraldic_mail_with_tabard_pl|Զրահք տոհմականք պարեգօտաւք
itm_turret_hat_ruby|Գլխարկ տիկնոջ
itm_turret_hat_ruby_pl|Գլխարկք տիկնանց
itm_turret_hat_blue|Գլխարկ տիկնոջ
itm_turret_hat_blue_pl|Գլխարկք տիկնանց
itm_turret_hat_green|Գլխարկ տիկնոջ
itm_turret_hat_green_pl|Գլխարկք տիկնանց
itm_head_wrappings|Փաթաթան գլխոյ
itm_head_wrappings_pl|Փաթաթանք գլխոյ
itm_court_hat|Գլխարկ արքունի
itm_court_hat_pl|Գլխարկք արքունիք
itm_wimple_a|Քօղ կնոջ
itm_wimple_a_pl|Քօղք կանանց
itm_wimple_with_veil|Քօղ կնոջ
itm_wimple_with_veil_pl|Քօղք կանանց
itm_straw_hat|Գլխարկ յարդեայ
itm_straw_hat_pl|Գլխարկք յարդեայք
itm_common_hood|Գլխարկ-վերարկու
itm_common_hood_pl|Գլխարկք-վերարկուք
itm_hood_b|Գլխարկ-վերարկու
itm_hood_b_pl|Գլխարկք-վերարկուք
itm_hood_c|Գլխարկ-վերարկու
itm_hood_c_pl|Գլխարկք-վերարկուք
itm_hood_d|Գլխարկ-վերարկու
itm_hood_d_pl|Գլխարկք-վերարկուք
itm_headcloth|Գլխաշոր
itm_headcloth_pl|Գլխաշորք
itm_woolen_hood|Գլխարկ բրդեայ
itm_woolen_hood_pl|Գլխարկք բրդեայք
itm_arming_cap|Գլխարկ պատերազմի
itm_arming_cap_pl|Գլխարկք պատերազմի
itm_fur_hat|Գլխարկ մորթեայ
itm_fur_hat_pl|Գլխարկք մորթեայք
itm_nomad_cap|Գլխարկ դաշտային
itm_nomad_cap_pl|Գլխարկք դաշտայինք
itm_nomad_cap_b|Գլխարկ դաշտային
itm_nomad_cap_b_pl|Գլխարկք դաշտայինք
itm_steppe_cap|Գլխարկ դաշտային
itm_steppe_cap_pl|Գլխարկք դաշտայինք
itm_padded_coif|Գլխարկ բամբակեայ
itm_padded_coif_pl|Գլխարկք բամբակեայք
itm_woolen_cap|Գլխարկ բրդեայ
itm_woolen_cap_pl|Գլխարկք բրդեայք
itm_felt_hat|Գլխարկ թաղիքեայ
itm_felt_hat_pl|Գլխարկք թաղիքեայք
itm_felt_hat_b|Գլխարկ թաղիքեայ
itm_felt_hat_b_pl|Գլխարկք թաղիքեայք
itm_leather_cap|Գլխարկ կաշեայ
itm_leather_cap_pl|Գլխարկք կաշեայք
itm_female_hood|Գլխարկ տիկնոջ
itm_female_hood_pl|Գլխարկք տիկնանց
itm_leather_steppe_cap_a|Գլխարկ կաշեայ դաշտային
itm_leather_steppe_cap_a_pl|Գլխարկք կաշեայք դաշտայինք
itm_leather_steppe_cap_b|Գլխարկ կաշեայ դաշտային
itm_leather_steppe_cap_b_pl|Գլխարկք կաշեայք դաշտայինք
itm_leather_steppe_cap_c|Գլխարկ կաշեայ դաշտային
itm_leather_steppe_cap_c_pl|Գլխարկք կաշեայք դաշտայինք
itm_leather_warrior_cap|Գլխարկ կաշեայ մարտիկի
itm_leather_warrior_cap_pl|Գլխարկք կաշեայք մարտիկաց
itm_skullcap|Սաղաւարտակ
itm_skullcap_pl|Սաղաւարտակք
itm_mail_coif|Գլխարկ օղակապ զրահի
itm_mail_coif_pl|Գլխարկք օղակապք զրահից
itm_footman_helmet|Սաղաւարտ հետեւակի
itm_footman_helmet_pl|Սաղաւարտք հետեւակաց
itm_nasal_helmet|Սաղաւարտ քթապանակաւ
itm_nasal_helmet_pl|Սաղաւարտք քթապանակաւք
itm_norman_helmet|Սաղաւարտ նորմանական
itm_norman_helmet_pl|Սաղաւարտք նորմանականք
itm_segmented_helmet|Սաղաւարտ բաժանեալ
itm_segmented_helmet_pl|Սաղաւարտք բաժանեալք
itm_helmet_with_neckguard|Սաղաւարտ պարանոցապանակաւ
itm_helmet_with_neckguard_pl|Սաղաւարտք պարանոցապանակաւք
itm_flat_topped_helmet|Սաղաւարտ տափակագագաթ
itm_flat_topped_helmet_pl|Սաղաւարտք տափակագագաթք
itm_kettle_hat|Սաղաւարտ լայնեզր
itm_kettle_hat_pl|Սաղաւարտք լայնեզրք
itm_spiked_helmet|Սաղաւարտ սրածայր
itm_spiked_helmet_pl|Սաղաւարտք սրածայրք
itm_nordic_helmet|Սաղաւարտ նորդաց
itm_nordic_helmet_pl|Սաղաւարտք նորդաց
itm_khergit_lady_hat|Գլխարկ տիկնոջ քերգիթաց
itm_khergit_lady_hat_pl|Գլխարկք տիկնանց քերգիթաց
itm_khergit_lady_hat_b|Գլխարկ կաշեայ տիկնոջ քերգիթաց
itm_khergit_lady_hat_b_pl|Գլխարկք կաշեայք տիկնանց քերգիթաց
itm_sarranid_felt_hat|Գլխարկ թաղիքեայ սարրանեաց
itm_sarranid_felt_hat_pl|Գլխարկք թաղիքեայք սարրանեաց
itm_turban|Չալմայ
itm_turban_pl|Չալմայք
itm_desert_turban|Չալմայ անապատի
itm_desert_turban_pl|Չալմայք անապատի
itm_sarranid_warrior_cap|Գլխարկ մարտիկի սարրանեաց
itm_sarranid_warrior_cap_pl|Գլխարկք մարտիկաց սարրանեաց
itm_sarranid_horseman_helmet|Սաղաւարտ հեծելազօրի
itm_sarranid_horseman_helmet_pl|Սաղաւարտք հեծելազօրի
itm_sarranid_helmet1|Սաղաւարտ սարրանեաց
itm_sarranid_helmet1_pl|Սաղաւարտք սարրանեաց
itm_sarranid_mail_coif|Գլխարկ օղակապ սարրանեաց
itm_sarranid_mail_coif_pl|Գլխարկք օղակապք սարրանեաց
itm_sarranid_veiled_helmet|Սաղաւարտ քօղաւոր սարրանեաց
itm_sarranid_veiled_helmet_pl|Սաղաւարտք քօղաւորք սարրանեաց
itm_nordic_archer_helmet|Սաղաւարտ կաշեայ նորդաց աղեղնաւորաց
itm_nordic_archer_helmet_pl|Սաղաւարտք կաշեայք նորդաց աղեղնաւորաց
itm_nordic_veteran_archer_helmet|Սաղաւարտ կաշեայ նորդաց աղեղնաւորաց
itm_nordic_veteran_archer_helmet_pl|Սաղաւարտք կաշեայք նորդաց աղեղնաւորաց
itm_nordic_footman_helmet|Սաղաւարտ հետեւակի նորդաց
itm_nordic_footman_helmet_pl|Սաղաւարտք հետեւակաց նորդաց
itm_nordic_fighter_helmet|Սաղաւարտ մարտիկի նորդաց
itm_nordic_fighter_helmet_pl|Սաղաւարտք մարտիկաց նորդաց
itm_nordic_huscarl_helmet|Սաղաւարտ պահապանի նորդաց
itm_nordic_huscarl_helmet_pl|Սաղաւարտք պահապանաց նորդաց
itm_nordic_warlord_helmet|Սաղաւարտ զօրավարի նորդաց
itm_nordic_warlord_helmet_pl|Սաղաւարտք զօրավարաց նորդաց
itm_vaegir_fur_cap|Գլխարկ մորթեայ վէգիրաց
itm_vaegir_fur_cap_pl|Գլխարկք մորթեայք վէգիրաց
itm_vaegir_fur_helmet|Սաղաւարտ մորթեայ վէգիրաց
itm_vaegir_fur_helmet_pl|Սաղաւարտք մորթեայք վէգիրաց
itm_vaegir_spiked_helmet|Սաղաւարտ սրածայր վէգիրաց
itm_vaegir_spiked_helmet_pl|Սաղաւարտք սրածայրք վէգիրաց
itm_vaegir_lamellar_helmet|Սաղաւարտ թիթեղաւոր վէգիրաց
itm_vaegir_lamellar_helmet_pl|Սաղաւարտք թիթեղաւորք վէգիրաց
itm_vaegir_noble_helmet|Սաղաւարտ ազնուականի վէգիրաց
itm_vaegir_noble_helmet_pl|Սաղաւարտք ազնուականաց վէգիրաց
itm_vaegir_war_helmet|Սաղաւարտ պատերազմի վէգիրաց
itm_vaegir_war_helmet_pl|Սաղաւարտք պատերազմի վէգիրաց
itm_vaegir_mask|Դիմակ պատերազմի վէգիրաց
itm_vaegir_mask_pl|Դիմակք պատերազմի վէգիրաց
itm_bascinet|Բասինետ
itm_bascinet_pl|Բասինետք
itm_bascinet_2|Բասինետ երկաթեայ դիմակաւ
itm_bascinet_2_pl|Բասինետք երկաթեայք դիմակաւք
itm_bascinet_3|Բասինետ քթապանակաւ
itm_bascinet_3_pl|Բասինետք քթապանակաւք
itm_guard_helmet|Սաղաւարտ պահապանի
itm_guard_helmet_pl|Սաղաւարտք պահապանաց
itm_black_helmet|Սաղաւարտ սեաւ
itm_black_helmet_pl|Սաղաւարտք սեաւք
itm_full_helm|Սաղաւարտ փակ
itm_full_helm_pl|Սաղաւարտք փակք
itm_great_helmet|Սաղաւարտ մեծ
itm_great_helmet_pl|Սաղաւարտք մեծամեծք
itm_winged_great_helmet|Սաղաւարտ մեծ թեւաւոր
itm_winged_great_helmet_pl|Սաղաւարտք մեծամեծք թեւաւորք
itm_wooden_stick|Փայտեայ մահակ
itm_wooden_stick_pl|Փայտեայ մահակք
itm_cudgel|Բիր
itm_cudgel_pl|Բիրք
itm_hammer|Մուրճ
itm_hammer_pl|Մուրճք
itm_club|Մահակ
itm_club_pl|Մահակք
itm_winged_mace|Գուրզ թեւաւոր
itm_winged_mace_pl|Գուրզք թեւաւորք
itm_spiked_mace|Գուրզ փշաւոր
itm_spiked_mace_pl|Գուրզք փշաւորք
itm_military_hammer|Մուրճ զինուորական
itm_military_hammer_pl|Մուրճք զինուորականք
itm_maul|Մուրճ մեծ
itm_maul_pl|Մուրճք մեծամեծք
itm_sledgehammer|Բալեոզ
itm_sledgehammer_pl|Բալեոզք
itm_warhammer|Մուրճ պատերազմի
itm_warhammer_pl|Մուրճք պատերազմի
itm_pickaxe|Տակառահատ
itm_pickaxe_pl|Տակառահատք
itm_spiked_club|Մահակ փշաւոր
itm_spiked_club_pl|Մահակք փշաւորք
itm_fighting_pick|Բրիչ մարտի
itm_fighting_pick_pl|Բրիչք մարտի
itm_military_pick|Բրիչ զինուորական
itm_military_pick_pl|Բրիչք զինուորականք
itm_morningstar|Գիշերաստղ (Morningstar)
itm_morningstar_pl|Գիշերաստղք
itm_sickle|Մանգաղ
itm_sickle_pl|Մանգաղք
itm_cleaver|Տապարակ
itm_cleaver_pl|Տապարակք
itm_knife|Դանակ
itm_knife_pl|Դանակք
itm_butchering_knife|Դանակ սպանդի
itm_butchering_knife_pl|Դանակք սպանդի
itm_dagger|Դաշոյն
itm_dagger_pl|Դաշոյնք
itm_falchion|Պալայ
itm_falchion_pl|Պալայք
itm_scimitar|Սուսեր
itm_scimitar_pl|Սուսերք
itm_scimitar_b|Սուսեր ընտիր
itm_scimitar_b_pl|Սուսերք ընտիրք
itm_arabian_sword_a|Սուր սարրանեաց
itm_arabian_sword_a_pl|Սուրք սարրանեաց
itm_arabian_sword_b|Սուր պատերազմի սարրանեաց
itm_arabian_sword_b_pl|Սուրք պատերազմի սարրանեաց
itm_sarranid_cavalry_sword|Սուր հեծելազօրի սարրանեաց
itm_sarranid_cavalry_sword_pl|Սուրք հեծելազօրի սարրանեաց
itm_arabian_sword_d|Սուր պահապանի սարրանեաց
itm_arabian_sword_d_pl|Սուրք պահապանաց սարրանեաց
itm_great_sword|Սուր մեծ
itm_great_sword_pl|Սուրք մեծամեծք
itm_sword_of_war|Սուր պատերազմի
itm_sword_of_war_pl|Սուրք պատերազմի
itm_hatchet|Կացին փոքր
itm_hatchet_pl|Կացինք փոքրիկք
itm_hand_axe|Կացին ձեռի
itm_hand_axe_pl|Կացինք ձեռի
itm_fighting_axe|Կացին մարտի
itm_fighting_axe_pl|Կացինք մարտի
itm_axe|Կացին
itm_axe_pl|Կացինք
itm_voulge|Վուլժ
itm_voulge_pl|Վուլժք
itm_battle_axe|Տապար պատերազմի
itm_battle_axe_pl|Տապարք պատերազմի
itm_war_axe|Տապար պատերազմի
itm_war_axe_pl|Տապարք պատերազմի
itm_sword_two_handed_b|Սուր երկձեռնի
itm_sword_two_handed_b_pl|Սուրք երկձեռնիք
itm_sword_two_handed_a|Սուր երկձեռնի
itm_sword_two_handed_a_pl|Սուրք երկձեռնիք
itm_khergit_sword_two_handed_a|Սուսեր երկձեռնի քերգիթաց
itm_khergit_sword_two_handed_a_pl|Սուսերք երկձեռնիք քերգիթաց
itm_khergit_sword_two_handed_b|Սուսեր երկձեռնի քերգիթաց
itm_khergit_sword_two_handed_b_pl|Սուսերք երկձեռնիք քերգիթաց
itm_two_handed_cleaver|Տապարակ երկձեռնի
itm_two_handed_cleaver_pl|Տապարակք երկձեռնիք
itm_military_cleaver_b|Տապարակ զինուորական
itm_military_cleaver_b_pl|Տապարակք զինուորականք
itm_military_cleaver_c|Տապարակ զօրաց
itm_military_cleaver_c_pl|Տապարակք զօրաց
itm_military_sickle_a|Մանգաղ զինուորական
itm_military_sickle_a_pl|Մանգաղք զինուորականք
itm_bastard_sword_a|Սուր մեծ
itm_bastard_sword_a_pl|Սուրք մեծամեծք
itm_bastard_sword_b|Սուր մեծ երկայն
itm_bastard_sword_b_pl|Սուրք մեծամեծք երկայնք
itm_one_handed_war_axe_a|Տապար միաձեռնի պատերազմի
itm_one_handed_war_axe_a_pl|Տապարք միաձեռնիք պատերազմի
itm_one_handed_battle_axe_a|Տապար միաձեռնի մարտի
itm_one_handed_battle_axe_a_pl|Տապարք միաձեռնիք մարտի
itm_one_handed_war_axe_b|Տապար միաձեռնի պատերազմի
itm_one_handed_war_axe_b_pl|Տապարք միաձեռնիք պատերազմի
itm_one_handed_battle_axe_b|Տապար միաձեռնի մարտի
itm_one_handed_battle_axe_b_pl|Տապարք միաձեռնիք մարտի
itm_one_handed_battle_axe_c|Տապար միաձեռնի մարտի
itm_one_handed_battle_axe_c_pl|Տապարք միաձեռնիք մարտի
itm_two_handed_axe|Կացին երկձեռնի
itm_two_handed_axe_pl|Կացինք երկձեռնիք
itm_two_handed_battle_axe_2|Տապար երկձեռնի պատերազմի
itm_two_handed_battle_axe_2_pl|Տապարք երկձեռնիք պատերազմի
itm_shortened_voulge|Վուլժ կարճեցուցեալ
itm_shortened_voulge_pl|Վուլժք կարճեցուցեալք
itm_great_axe|Կացին մեծ
itm_great_axe_pl|Կացինք մեծամեծք
itm_long_axe|Կացին երկայն
itm_long_axe_pl|Կացինք երկայնք
itm_long_axe_alt|Կացին երկայն
itm_long_axe_alt_pl|Կացինք երկայնք
itm_long_axe_b|Տապար երկայն պատերազմի
itm_long_axe_b_pl|Տապարք երկայնք պատերազմի
itm_long_axe_b_alt|Տապար երկայն պատերազմի
itm_long_axe_b_alt_pl|Տապարք երկայնք պատերազմի
itm_long_axe_c|Կացին երկայն մեծ
itm_long_axe_c_pl|Կացինք երկայնք մեծամեծք
itm_long_axe_c_alt|Կացին երկայն մեծ
itm_long_axe_c_alt_pl|Կացինք երկայնք մեծամեծք
itm_bardiche|Բերդիշ
itm_bardiche_pl|Բերդիշք
itm_great_bardiche|Բերդիշ մեծ
itm_great_bardiche_pl|Բերդիշք մեծամեծք
itm_long_bardiche|Բերդիշ երկայն
itm_long_bardiche_pl|Բերդիշք երկայնք
itm_great_long_bardiche|Բերդիշ երկայն մեծ
itm_great_long_bardiche_pl|Բերդիշք երկայնք մեծամեծք
itm_hafted_blade_b|Սուսեր երկայնակոթ
itm_hafted_blade_b_pl|Սուսերք երկայնակոթք
itm_hafted_blade_a|Սուսեր երկայնակոթ
itm_hafted_blade_a_pl|Սուսերք երկայնակոթք
itm_shortened_military_scythe|Գերանդի զինուորական կարճեցուցեալ
itm_shortened_military_scythe_pl|Գերանդիք զինուորականք կարճեցուցեալք
itm_sword_medieval_a|Սուր
itm_sword_medieval_a_pl|Սուրք
itm_sword_medieval_b|Սուր
itm_sword_medieval_b_pl|Սուրք
itm_sword_medieval_b_small|Սուր կարճ
itm_sword_medieval_b_small_pl|Սուրք կարճք
itm_sword_medieval_c|Սուր մարտի
itm_sword_medieval_c_pl|Սուրք մարտի
itm_sword_medieval_c_small|Սուր մարտի կարճ
itm_sword_medieval_c_small_pl|Սուրք մարտի կարճք
itm_sword_medieval_c_long|Սուր պատերազմի
itm_sword_medieval_c_long_pl|Սուրք պատերազմի
itm_sword_medieval_d_long|Սուր մարտի
itm_sword_medieval_d_long_pl|Սուրք մարտի
itm_sword_viking_1|Սուր նորդաց
itm_sword_viking_1_pl|Սուրք նորդաց
itm_sword_viking_2|Սուր նորդաց
itm_sword_viking_2_pl|Սուրք նորդաց
itm_sword_viking_2_small|Սուր նորդաց կարճ
itm_sword_viking_2_small_pl|Սուրք նորդաց կարճք
itm_sword_viking_3|Սուր նորդաց
itm_sword_viking_3_pl|Սուրք նորդաց
itm_sword_viking_3_small|Սուր նորդաց
itm_sword_viking_3_small_pl|Սուրք նորդաց
itm_sword_khergit_1|Սուր դաշտային
itm_sword_khergit_1_pl|Սուրք դաշտայինք
itm_sword_khergit_2|Սուր հեծելազօրի
itm_sword_khergit_2_pl|Սուրք հեծելազօրի
itm_sword_khergit_3|Սուր հեծելազօրի
itm_sword_khergit_3_pl|Սուրք հեծելազօրի
itm_sword_khergit_4|Սուր հեծելազօրի ծանր
itm_sword_khergit_4_pl|Սուրք հեծելազօրի ծանրք
itm_mace_1|Մահակ բեւեռաւոր
itm_mace_1_pl|Մահակք բեւեռաւորք
itm_mace_2|Գուրզ
itm_mace_2_pl|Գուրզք
itm_mace_3|Գուրզ փշաւոր
itm_mace_3_pl|Գուրզք փշաւորք
itm_mace_4|Գուրզ
itm_mace_4_pl|Գուրզք
itm_club_with_spike_head|Մահակ փշաւոր
itm_club_with_spike_head_pl|Մահակք փշաւորք
itm_long_spiked_club|Մահակ երկայն բեւեռաւոր
itm_long_spiked_club_pl|Մահակք երկայնք բեւեռաւորք
itm_long_hafted_knobbed_mace|Գուրզ երկայնակոթ
itm_long_hafted_knobbed_mace_pl|Գուրզք երկայնակոթք
itm_long_hafted_spiked_mace|Գուրզ երկայնակոթ փշաւոր
itm_long_hafted_spiked_mace_pl|Գուրզք երկայնակոթք փշաւորք
itm_sarranid_two_handed_mace_1|Գուրզ երկաթեայ
itm_sarranid_two_handed_mace_1_pl|Գուրզք երկաթեայք
itm_sarranid_mace_1|Գուրզ երկաթեայ
itm_sarranid_mace_1_pl|Գուրզք երկաթեայք
itm_sarranid_axe_a|Տապար երկաթեայ պատերազմի
itm_sarranid_axe_a_pl|Տապարք երկաթեայք պատերազմի
itm_sarranid_axe_b|Տապար երկաթեայ պատերազմի
itm_sarranid_axe_b_pl|Տապարք երկաթեայք պատերազմի
itm_sarranid_two_handed_axe_a|Տապար երկձեռնի սարրանեաց
itm_sarranid_two_handed_axe_a_pl|Տապարք երկձեռնիք սարրանեաց
itm_sarranid_two_handed_axe_b|Տապար պատերազմի սարրանեաց
itm_sarranid_two_handed_axe_b_pl|Տապարք պատերազմի սարրանեաց
itm_scythe|Գերանդի
itm_scythe_pl|Գերանդիք
itm_pitch_fork|Երանդի սեաւ
itm_pitch_fork_pl|Երանդիք սեաւք
itm_military_fork|Երանդի զինուորական
itm_military_fork_pl|Երանդիք զինուորականք
itm_battle_fork|Երանդի մարտի
itm_battle_fork_pl|Երանդիք մարտի
itm_boar_spear|Նիզակ որսորդաց
itm_boar_spear_pl|Նիզակք որսորդաց
itm_jousting_lance|Նիզակ մրցութեան
itm_jousting_lance_pl|Նիզակք մրցութեան
itm_double_sided_lance|Նիզակ երկկողմանի
itm_double_sided_lance_pl|Նիզակք երկկողմանիք
itm_glaive|Պարտիզան
itm_glaive_pl|Պարտիզանք
itm_poleaxe|Տապարաննիզակ
itm_poleaxe_pl|Տապարաննիզակք
itm_polehammer|Մուրճաննիզակ
itm_polehammer_pl|Մուրճաննիզակք
itm_staff|Գաւազան
itm_staff_pl|Գաւազանք
itm_quarter_staff|Գաւազան մարտի
itm_quarter_staff_pl|Գաւազանք մարտի
itm_iron_staff|Գաւազան երկաթեայ
itm_iron_staff_pl|Գաւազանք երկաթեայք
itm_shortened_spear|Նիզակ կարճ
itm_shortened_spear_pl|Նիզակք կարճք
itm_spear|Նիզակ
itm_spear_pl|Նիզակք
itm_bamboo_spear|Նիզակ եղեգնեայ
itm_bamboo_spear_pl|Նիզակք եղեգնեայք
itm_war_spear|Նիզակ պատերազմի
itm_war_spear_pl|Նիզակք պատերազմի
itm_military_scythe|Գերանդի զինուորական
itm_military_scythe_pl|Գերանդիք զինուորականք
itm_light_lance|Նիզակ հեծելազօրի թեթեւ
itm_light_lance_pl|Նիզակք հեծելազօրի թեթեւք
itm_lance|Նիզակ հեծելազօրի
itm_lance_pl|Նիզակք հեծելազօրի
itm_heavy_lance|Նիզակ հեծելազօրի ծանր
itm_heavy_lance_pl|Նիզակք հեծելազօրի ծանրք
itm_great_lance|Նիզակ հեծելազօրի մեծ
itm_great_lance_pl|Նիզակք հեծելազօրի մեծամեծք
itm_pike|Նիզակ երկայն (Pike)
itm_pike_pl|Նիզակք երկայնք
itm_ashwood_pike|Նիզակ հացենեայ
itm_ashwood_pike_pl|Նիզակք հացենեայք
itm_awlpike|Նիզակ սուր
itm_awlpike_pl|Նիզակք սուրք
itm_awlpike_long|Նիզակ սուր երկայն
itm_awlpike_long_pl|Նիզակք սուրք երկայնք
itm_bec_de_corbin_a|Կեռաննիզակ (Bec de Corbin)
itm_bec_de_corbin_a_pl|Կեռաննիզակք
itm_wooden_shield|Վահան փայտեայ
itm_wooden_shield_pl|Վահանք փայտեայք
itm_nordic_shield|Վահան նորդաց
itm_nordic_shield_pl|Վահանք նորդաց
itm_fur_covered_shield|Վահան մորթեայ
itm_fur_covered_shield_pl|Վահանք մորթեայք
itm_steel_shield|Վահան երկաթեայ
itm_steel_shield_pl|Վահանք երկաթեայք
itm_plate_covered_round_shield|Վահան բոլորակ թիթեղաւոր
itm_plate_covered_round_shield_pl|Վահանք բոլորակք թիթեղաւորք
itm_leather_covered_round_shield|Վահան բոլորակ կաշեայ
itm_leather_covered_round_shield_pl|Վահանք բոլորակք կաշեայք
itm_hide_covered_round_shield|Վահան բոլորակ մորթեայ
itm_hide_covered_round_shield_pl|Վահանք բոլորակք մորթեայք
itm_shield_heater_c|Վահան եռանկիւն
itm_shield_heater_c_pl|Վահանք եռանկիւնք
itm_norman_shield_1|Վահան եռանկիւն
itm_norman_shield_1_pl|Վահան եռանկիւն
itm_norman_shield_2|Վահան ձուաձեւ
itm_norman_shield_2_pl|Վահան ձուաձեւ
itm_norman_shield_3|Վահան ձուաձեւ
itm_norman_shield_3_pl|Վահան ձուաձեւ
itm_norman_shield_4|Վահան ձուաձեւ
itm_norman_shield_4_pl|Վահան ձուաձեւ
itm_norman_shield_5|Վահան ձուաձեւ
itm_norman_shield_5_pl|Վահան ձուաձեւ
itm_norman_shield_6|Վահան ձուաձեւ
itm_norman_shield_6_pl|Վահան ձուաձեւ
itm_norman_shield_7|Վահան ձուաձեւ
itm_norman_shield_7_pl|Վահան ձուաձեւ
itm_norman_shield_8|Վահան ձուաձեւ
itm_norman_shield_8_pl|Վահան ձուաձեւ
itm_tab_shield_round_a|Վահան բոլորակ հին
itm_tab_shield_round_a_pl|Վահանք բոլորակք հինք
itm_tab_shield_round_b|Վահան բոլորակ հարթ
itm_tab_shield_round_b_pl|Վահանք բոլորակք հարթք
itm_tab_shield_round_c|Վահան բոլորակ
itm_tab_shield_round_c_pl|Վահանք բոլորակք
itm_tab_shield_round_d|Վահան բոլորակ ծանր
itm_tab_shield_round_d_pl|Վահանք բոլորակք ծանրք
itm_tab_shield_round_e|Վահան բոլորակ դիւցազնի
itm_tab_shield_round_e_pl|Վահանք բոլորակք դիւցազնի
itm_tab_shield_kite_a|Վահան ձուաձեւ հին
itm_tab_shield_kite_a_pl|Վահանք ձուաձեւք հինք
itm_tab_shield_kite_b|Վահան ձուաձեւ հարթ
itm_tab_shield_kite_b_pl|Վահանք ձուաձեւք հարթք
itm_tab_shield_kite_c|Վահան ձուաձեւ
itm_tab_shield_kite_c_pl|Վահանք ձուաձեւք
itm_tab_shield_kite_d|Վահան ձուաձեւ ծանր
itm_tab_shield_kite_d_pl|Վահանք ձուաձեւք ծանրք
itm_tab_shield_kite_cav_a|Վահան ձուաձեւ հեծելազօրի
itm_tab_shield_kite_cav_a_pl|Վահան ձուաձեւ հեծելազօրի
itm_tab_shield_kite_cav_b|Վահան ձուաձեւ հեծելազօրի
itm_tab_shield_kite_cav_b_pl|Վահան ձուաձեւ ասպետի
itm_tab_shield_heater_a|Վահան եռանկիւն ասպետի
itm_tab_shield_heater_a_pl|Վահան եռանկիւն հին
itm_tab_shield_heater_b|Վահան եռանկիւն հարթ
itm_tab_shield_heater_b_pl|Վահան եռանկիւն հարթ
itm_tab_shield_heater_c|Վահան եռանկիւն
itm_tab_shield_heater_c_pl|Վահան եռանկիւն
itm_tab_shield_heater_d|Վահան եռանկիւն ծանր
itm_tab_shield_heater_d_pl|Վահան եռանկիւն ծանր
itm_tab_shield_heater_cav_a|Վահան եռանկիւն հեծելազօրի
itm_tab_shield_heater_cav_a_pl|Վահան եռանկիւն հեծելազօրի
itm_tab_shield_heater_cav_b|Վահան եռանկիւն ասպետի
itm_tab_shield_heater_cav_b_pl|Վահան եռանկիւն ասպետի
itm_tab_shield_pavise_a|Պատնէշավահան (Pavise) փայտեայ հին
itm_tab_shield_pavise_a_pl|Պատնէշավահանք
itm_tab_shield_pavise_b|Պատնէշավահան փայտեայ հարթ
itm_tab_shield_pavise_b_pl|Պատնէշավահանք
itm_tab_shield_pavise_c|Պատնէշավահան փայտեայ
itm_tab_shield_pavise_c_pl|Պատնէշավահանք
itm_tab_shield_pavise_d|Պատնէշավահան փայտեայ ծանր
itm_tab_shield_pavise_d_pl|Պատնէշավահանք
itm_tab_shield_small_round_a|Վահան հեծելազօրի հարթ
itm_tab_shield_small_round_a_pl|Վահան հեծելազօրի հարթ
itm_tab_shield_small_round_b|Վահան հեծելազօրի բոլորակ
itm_tab_shield_small_round_b_pl|Վահանք հեծելազօրի բոլորակք
itm_tab_shield_small_round_c|Վահան հեծելազօրի ընտիր
itm_tab_shield_small_round_c_pl|Վահանք հեծելազօրի ընտիրք
itm_darts|Տէգք
itm_darts_pl|Տէգք
itm_war_darts|Տէգք պատերազմի
itm_war_darts_pl|Տէգք պատերազմի
itm_javelin|Տէգ
itm_javelin_pl|Տէգք
itm_javelin_melee|Տէգ սրածայր
itm_javelin_melee_pl|Տէգք սրածայրք
itm_throwing_spears|Նիզակ նետողական
itm_throwing_spears_pl|Նիզակք նետողականք
itm_throwing_spear_melee|Նիզակ նետողական
itm_throwing_spear_melee_pl|Նիզակք նետողականք
itm_jarid|Ջարիդ (Jarid)
itm_jarid_pl|Ջարիդք
itm_jarid_melee|Ջարիդ
itm_jarid_melee_pl|Ջարիդք
itm_stones|Քարինք
itm_stones_pl|Քարինք
itm_throwing_knives|Դանակ նետողական
itm_throwing_knives_pl|Դանակք նետողականք
itm_throwing_daggers|Դաշոյն նետողական
itm_throwing_daggers_pl|Դաշոյնք նետողականք
itm_light_throwing_axes|Կացին նետողական թեթեւ
itm_light_throwing_axes_pl|Կացինք նետողականք թեթեւք
itm_light_throwing_axes_melee|Կացին նետողական թեթեւ
itm_light_throwing_axes_melee_pl|Կացինք նետողականք թեթեւք
itm_throwing_axes|Կացին նետողական
itm_throwing_axes_pl|Կացինք նետողականք
itm_throwing_axes_melee|Կացին նետողական
itm_throwing_axes_melee_pl|Կացինք նետողականք
itm_heavy_throwing_axes|Կացին նետողական ծանր
itm_heavy_throwing_axes_pl|Կացինք նետողականք ծանրք
itm_heavy_throwing_axes_melee|Կացին նետողական ծանր
itm_heavy_throwing_axes_melee_pl|Կացինք նետողականք ծանրք
itm_hunting_bow|Աղեղն որսորդաց
itm_hunting_bow_pl|Աղեղնք որսորդաց
itm_short_bow|Աղեղն կարճ
itm_short_bow_pl|Աղեղնք կարճք
itm_nomad_bow|Աղեղն դաշտային
itm_nomad_bow_pl|Աղեղնք դաշտայինք
itm_long_bow|Աղեղն երկայն
itm_long_bow_pl|Աղեղնք երկայնք
itm_khergit_bow|Աղեղն քերգիթաց
itm_khergit_bow_pl|Աղեղնք քերգիթաց
itm_strong_bow|Աղեղն հզօր
itm_strong_bow_pl|Աղեղնք հզօրք
itm_war_bow|Աղեղն պատերազմի
itm_war_bow_pl|Աղեղնք պատերազմի
itm_hunting_crossbow|Աղեղնասարք որսորդաց
itm_hunting_crossbow_pl|Աղեղնասարքք որսորդաց
itm_light_crossbow|Աղեղնասարք թեթեւ
itm_light_crossbow_pl|Աղեղնասարքք թեթեւք
itm_crossbow|Աղեղնասարք
itm_crossbow_pl|Աղեղնասարքք
itm_heavy_crossbow|Աղեղնասարք ծանր
itm_heavy_crossbow_pl|Աղեղնասարքք ծանրք
itm_sniper_crossbow|Աղեղնասարք ընտիր
itm_sniper_crossbow_pl|Աղեղնասարքք ընտիրք
itm_flintlock_pistol|Ատրճանակ
itm_flintlock_pistol_pl|Ատրճանակք
itm_torch|Ջահ
itm_torch_pl|Ջահք
itm_lyre|Քնար
itm_lyre_pl|Քնարք
itm_lute|Տաւիղ (Lute)
itm_lute_pl|Տաւիղք
itm_strange_armor|Զրահ զարմանալի
itm_strange_armor_pl|Զրահք զարմանալիք
itm_strange_boots|Կօշիկք զարմանալիք
itm_strange_boots_pl|Կօշիկք զարմանալիք
itm_strange_helmet|Սաղաւարտ զարմանալի
itm_strange_helmet_pl|Սաղաւարտք զարմանալիք
itm_strange_sword|Սուր զարմանալի
itm_strange_sword_pl|Սուրք զարմանալիք
itm_strange_great_sword|Սուր մեծ զարմանալի
itm_strange_great_sword_pl|Սուրք մեծամեծք զարմանալիք
itm_strange_short_sword|Սուր կարճ զարմանալի
itm_strange_short_sword_pl|Սուրք կարճք զարմանալիք
itm_court_dress|Հանդերձ արքունի տիկնոջ
itm_court_dress_pl|Հանդերձք արքունիք տիկնանց
itm_rich_outfit|Հանդերձ մեծատան
itm_rich_outfit_pl|Հանդերձք մեծատանց
itm_khergit_guard_armor|Զրահ պահապանի քերգիթաց
itm_khergit_guard_armor_pl|Զրահք պահապանաց քերգիթաց
itm_felt_steppe_cap|Գլխարկ թաղիքեայ դաշտային
itm_felt_steppe_cap_pl|Գլխարկք թաղիքեայք դաշտայինք
itm_khergit_war_helmet|Սաղաւարտ պատերազմի քերգիթաց
itm_khergit_war_helmet_pl|Սաղաւարտք պատերազմի քերգիթաց
itm_khergit_helmet|Սաղաւարտ քերգիթաց
itm_khergit_helmet_pl|Սաղաւարտք քերգիթաց
itm_khergit_guard_boots|Կօշիկք պահապանի քերգիթաց
itm_khergit_guard_boots_pl|Կօշիկք պահապանաց քերգիթաց
itm_khergit_guard_helmet|Սաղաւարտ պահապանի քերգիթաց
itm_khergit_guard_helmet_pl|Սաղաւարտք պահապանաց քերգիթաց
itm_khergit_cavalry_helmet|Սաղաւարտ հեծելազօրի քերգիթաց
itm_khergit_cavalry_helmet_pl|Սաղաւարտք հեծելազօրի քերգիթաց
itm_black_hood|Գլխարկ սեաւ
itm_black_hood_pl|Գլխարկք սեաւք
itm_light_leather|Հանդերձ կաշեայ թեթեւ
itm_light_leather_pl|Հանդերձք կաշեայք թեթեւք
itm_light_leather_boots|Կօշիկք կաշեայք թեթեւք
itm_light_leather_boots_pl|Կօշիկք կաշեայք թեթեւք
itm_mail_and_plate|Զրահ օղակապ եւ թիթեղեղէն
itm_mail_and_plate_pl|Զրահք օղակապք եւ թիթեղեղէնք
itm_light_mail_and_plate|Զրահ թեթեւ օղակապ եւ թիթեղեղէն
itm_light_mail_and_plate_pl|Զրահք թեթեւք օղակապք եւ թիթեղեղէնք
itm_byzantion_helmet_a|Սաղաւարտ բիւզանդական
itm_byzantion_helmet_a_pl|Սաղաւարտք բիւզանդականք
itm_magyar_helmet_a|Սաղաւարտ հունգարական
itm_magyar_helmet_a_pl|Սաղաւարտք հունգարականք
itm_rus_helmet_a|Սաղաւարտ ռուսական
itm_rus_helmet_a_pl|Սաղաւարտք ռուսականք
itm_sipahi_helmet_a|Սաղաւարտ սպահիներու
itm_sipahi_helmet_a_pl|Սաղաւարտք սպահիներու
itm_shahi|Շահի
itm_shahi_pl|Շահի
itm_rabati|Ռաբատի
itm_rabati_pl|Ռաբատի
itm_tunic_with_green_cape|Շապիկ կանաչ քօղաւոր
itm_tunic_with_green_cape_pl|Շապիկք կանաչք քօղաւորք
itm_keys|Բանալիք
itm_keys_pl|Բանալիք
itm_bride_dress|Հարսանեկան հանդերձ
itm_bride_dress_pl|Հարսանեկան հանդերձք
itm_bride_crown|Պսակ հարսին
itm_bride_crown_pl|Պսակք հարսանց
itm_bride_shoes|Կօշիկք հարսին
itm_bride_shoes_pl|Կօշիկք հարսին
itm_practice_bow_2|Աղեղն թոյլ
itm_practice_bow_2_pl|Աղեղնք թոյլք
itm_practice_arrows_2|Նետ բութ
itm_practice_arrows_2_pl|Նետք բութք
itm_plate_boots|Կօշիկք թիթեղաւորք
itm_plate_boots_pl|Կօշիկք թիթեղաւորք
itm_mail_boots_for_tableau|Կօշիկք օղակապք
itm_mail_boots_for_tableau_pl|Կօշիկք օղակապք
itm_warhorse_sarranid|Երիվար պատերազմի սարրանեաց
itm_warhorse_sarranid_pl|Երիվարք պատերազմի սարրանեաց
itm_warhorse_steppe|Երիվար յարձակման դաշտային
itm_warhorse_steppe_pl|Երիվարք յարձակման դաշտայինք
itm_items_end|Աւարտ իրաց
itm_items_end_pl|Աւարտ իրաց
itm_sleeveless_mail_coat|Վերարկու անթեւ զրահաւոր
itm_sleeveless_mail_coat_pl|Վերարկուք անթեւք զրահաւորք
itm_sleeveless_coat|Վերարկու անթեւ
itm_sleeveless_coat_pl|Վերարկուք անթեւք
